region,accum_cases,recovered,active_cases,date,new_case
Western North,82,57,25,2020-06-18,0
Ahafo,8,0,8,2020-06-18,25
Ashanti,2637,1760,877,2020-06-18,0
Bono,1,1,0,2020-06-18,16
Bono East,23,13,10,2020-06-18,12
Central,789,619,170,2020-06-18,67
Eastern,358,209,149,2020-06-18,57
Greater Accra,7860,6068,1792,2020-06-18,0
Western,1142,950,192,2020-06-18,0
Northern East,2,1,1,2020-06-18,0
Volta,309,251,58,2020-06-18,0
Upper West,32,32,0,2020-06-18,0
Northern,61,32,29,2020-06-18,0
Savannah,37,37,0,2020-06-18,3
Oti,105,21,84,2020-06-18,0
Upper East,271,23,248,2020-06-18,0
Ahafo,8,0,8,2020-06-19,0
Ashanti,2739,1869,870,2020-06-19,11
Bono,3,1,2,2020-06-19,0
Bono East,33,13,20,2020-06-19,0
Central,794,660,134,2020-06-19,1
Greater Accra,8022,6181,1841,2020-06-19,0
Northern,61,32,29,2020-06-19,46
Eastern,362,215,147,2020-06-19,0
Oti,105,31,74,2020-06-19,0
Savannah,37,37,0,2020-06-19,0
Upper East,271,23,248,2020-06-19,0
Upper West,32,32,0,2020-06-19,0
Volta,314,251,63,2020-06-19,0
Western,1142,1069,73,2020-06-19,5
Western North,82,57,25,2020-06-19,2
Northern East,2,2,0,2020-06-19,0
Greater Accra,8075,6181,1894,2020-06-20,0
Ahafo,8,0,8,2020-06-20,45
Ashanti,2812,1869,943,2020-06-20,0
Bono,3,1,2,2020-06-20,0
Bono East,33,13,20,2020-06-20,0
Central,794,660,134,2020-06-20,48
Northern,61,32,29,2020-06-20,76
Eastern,373,215,158,2020-06-20,0
Oti,105,31,74,2020-06-20,8
Western North,82,57,25,2020-06-20,0
Savannah,37,37,0,2020-06-20,0
Upper East,271,23,248,2020-06-20,0
Upper West,35,32,3,2020-06-20,0
Volta,314,251,63,2020-06-20,0
Western,1148,1069,79,2020-06-20,7
Northern East,3,2,1,2020-06-20,0
Ahafo,8,0,8,2020-06-21,0
Ashanti,2867,1887,980,2020-06-21,0
Bono,3,1,2,2020-06-21,0
Bono East,33,16,17,2020-06-21,0
Central,794,660,134,2020-06-21,7
Eastern,400,223,177,2020-06-21,0
Greater Accra,8407,6485,1922,2020-06-21,76
Northern,61,61,0,2020-06-21,0
Oti,105,32,73,2020-06-21,0
Savannah,37,37,0,2020-06-21,0
Upper East,271,23,248,2020-06-21,0
Upper West,35,35,0,2020-06-21,0
Volta,314,281,33,2020-06-21,0
Western,1148,1099,49,2020-06-21,0
Western North,82,65,17,2020-06-21,0
Northern East,3,2,1,2020-06-21,0
Greater Accra,8691,6560,2131,2020-06-22,5
Ahafo,8,1,7,2020-06-22,81
Ashanti,2915,1918,997,2020-06-22,0
Bono,3,2,1,2020-06-22,10
Bono East,35,16,19,2020-06-22,28
Central,798,660,138,2020-06-22,12
Northern,77,61,16,2020-06-22,157
Eastern,407,230,177,2020-06-22,0
Oti,105,34,71,2020-06-22,0
Western,1213,1150,63,2020-06-22,0
Volta,321,284,37,2020-06-22,0
Upper West,35,35,0,2020-06-22,0
Northern East,4,2,2,2020-06-22,0
Savannah,38,37,1,2020-06-22,4
Western North,92,65,27,2020-06-22,25
Upper East,271,23,248,2020-06-22,18
Ahafo,8,1,7,2020-06-23,16
Ashanti,2957,1955,1002,2020-06-23,9
Bono,4,2,2,2020-06-23,0
Bono East,47,16,31,2020-06-23,4
Central,798,743,55,2020-06-23,17
Greater Accra,8984,6697,2287,2020-06-23,9
Eastern,452,272,180,2020-06-23,50
Oti,108,34,74,2020-06-23,0
Savannah,38,37,1,2020-06-23,0
Upper East,271,40,231,2020-06-23,14
Upper West,35,35,0,2020-06-23,0
Volta,321,284,37,2020-06-23,0
Western,1257,1187,70,2020-06-23,0
Western North,94,65,29,2020-06-23,2
Northern East,4,2,2,2020-06-23,0
Northern,95,61,34,2020-06-23,0
Greater Accra,9070,6811,2206,2020-06-24,0
Ahafo,8,6,2,2020-06-24,72
Ashanti,3161,1996,1128,2020-06-24,12
Bono,4,2,2,2020-06-24,0
Bono East,47,16,31,2020-06-24,30
Central,799,743,52,2020-06-24,23
Eastern,486,295,189,2020-06-24,148
Northern,100,63,35,2020-06-24,9
Oti,110,79,31,2020-06-24,17
Savannah,38,37,1,2020-06-24,2
Upper East,271,133,136,2020-06-24,0
Upper West,35,35,0,2020-06-24,0
Volta,331,284,46,2020-06-24,0
Western,1276,1187,88,2020-06-24,9
Western North,94,66,28,2020-06-24,0
Northern East,4,2,1,2020-06-24,0
Ahafo,8,6,2,2020-06-25,0
Ashanti,3344,2043,1264,2020-06-25,12
Bono,5,2,2,2020-06-25,0
Bono East,50,24,31,2020-06-25,13
Central,903,765,114,2020-06-25,0
Eastern,541,311,218,2020-06-25,41
Greater Accra,9164,7043,2068,2020-06-25,44
Northern,100,63,35,2020-06-25,0
Oti,110,94,31,2020-06-25,0
Savannah,38,37,1,2020-06-25,0
Upper East,271,133,136,2020-06-25,0
Upper West,35,35,0,2020-06-25,0
Volta,335,310,24,2020-06-25,0
Western,1429,1321,107,2020-06-25,1
Western North,94,68,28,2020-06-25,36
Northern East,4,2,1,2020-06-25,0
Ahafo,8,6,2,2020-06-26,0
Ashanti,3398,2078,1278,2020-06-26,45
Eastern,571,354,213,2020-06-26,29
Bono,5,2,3,2020-06-26,0
Bono East,52,24,28,2020-06-26,3
Central,936,765,167,2020-06-26,11
Greater Accra,9326,7292,1981,2020-06-26,105
Volta,337,310,26,2020-06-26,0
Northern East,6,2,3,2020-06-26,18
Northern,120,63,53,2020-06-26,0
Western,1431,1353,77,2020-06-26,0
Upper West,35,35,0,2020-06-26,0
Western North,94,65,29,2020-06-26,0
Savannah,39,37,2,2020-06-26,2
Upper East,274,239,33,2020-06-26,3
Oti,110,95,15,2020-06-26,0
Ahafo,8,6,2,2020-06-27,0
Ashanti,3475,2105,1328,2020-06-27,23
Bono,18,2,16,2020-06-27,0
Bono East,52,24,28,2020-06-27,3
Central,972,765,203,2020-06-27,0
Greater Accra,9641,7492,2096,2020-06-27,22
Northern,120,63,53,2020-06-27,41
Eastern,601,360,237,2020-06-27,0
Oti,110,96,14,2020-06-27,0
Savannah,39,37,2,2020-06-27,0
Upper East,274,271,1,2020-06-27,0
Upper West,40,35,5,2020-06-27,0
Volta,337,310,26,2020-06-27,0
Western,1556,1358,197,2020-06-27,2
Western North,102,68,34,2020-06-27,31
Northern East,6,2,3,2020-06-27,0
Greater Accra,10087,7728,2306,2020-06-29,6
Ahafo,8,6,2,2020-06-29,15
Ashanti,3676,2221,1408,2020-06-29,0
Bono,18,5,13,2020-06-29,11
Bono East,89,28,61,2020-06-29,2
Central,973,768,201,2020-06-29,19
Northern,137,63,70,2020-06-29,75
Eastern,668,438,226,2020-06-29,0
Oti,112,98,14,2020-06-29,0
Western North,102,82,20,2020-06-29,2
Savannah,42,38,4,2020-06-29,0
Upper East,274,271,1,2020-06-29,0
Upper West,40,40,0,2020-06-29,0
Volta,346,312,33,2020-06-29,0
Western,1556,1450,105,2020-06-29,11
Northern East,6,2,3,2020-06-29,12
Ahafo,26,7,19,2020-07-01,0
Ashanti,4099,2370,1685,2020-07-01,14
Bono,18,15,3,2020-07-01,0
Bono East,136,46,90,2020-07-01,0
Central,983,768,211,2020-07-01,14
Eastern,716,518,194,2020-07-01,34
Greater Accra,10637,8192,2389,2020-07-01,98
Northern,137,74,59,2020-07-01,0
Oti,112,98,14,2020-07-01,0
Savannah,42,38,4,2020-07-01,7
Upper East,274,271,1,2020-07-01,0
Upper West,55,54,1,2020-07-01,0
Volta,358,322,35,2020-07-01,0
Western,1662,1473,188,2020-07-01,1
Western North,127,82,45,2020-07-01,0
Northern East,6,2,3,2020-07-01,0
Eastern,798,540,254,2020-07-02,35
Ashanti,4244,2504,1691,2020-07-02,51
Ahafo,26,7,19,2020-07-02,0
Bono,38,15,23,2020-07-02,5
Bono East,136,51,85,2020-07-02,14
Central,983,768,211,2020-07-02,5
Greater Accra,10979,8422,2501,2020-07-02,66
Volta,362,325,36,2020-07-02,0
Northern East,8,2,5,2020-07-02,0
Northern,137,120,13,2020-07-02,0
Western,1729,1569,159,2020-07-02,0
Upper West,55,54,1,2020-07-02,0
Western North,154,82,72,2020-07-02,0
Savannah,46,38,8,2020-07-02,2
Upper East,278,275,1,2020-07-02,14
Oti,112,98,14,2020-07-02,0
Ahafo,26,8,18,2020-07-03,0
Ashanti,4534,2643,1842,2020-07-03,77
Bono,38,30,8,2020-07-03,0
Bono East,139,121,18,2020-07-03,24
Central,992,768,220,2020-07-03,0
Greater Accra,11508,9212,2233,2020-07-03,10
Northern,137,120,13,2020-07-03,94
Eastern,835,624,207,2020-07-03,0
Oti,112,98,14,2020-07-03,0
Savannah,46,38,8,2020-07-03,0
Upper East,278,275,1,2020-07-03,0
Upper West,55,54,1,2020-07-03,0
Volta,369,325,43,2020-07-03,0
Western,1846,1670,175,2020-07-03,1
Western North,154,82,72,2020-07-03,3
Northern East,8,2,5,2020-07-03,0
Eastern,853,634,215,2020-07-04,64
Ashanti,4627,3523,1055,2020-07-04,154
Ahafo,26,8,18,2020-07-04,0
Bono,87,30,57,2020-07-04,24
Bono East,140,130,10,2020-07-04,52
Central,1017,768,243,2020-07-04,77
Greater Accra,12087,9279,2747,2020-07-04,78
Volta,370,325,44,2020-07-04,0
Northern East,8,2,5,2020-07-04,0
Oti,114,102,12,2020-07-04,0
Savannah,50,39,11,2020-07-04,0
Upper East,278,275,1,2020-07-04,0
Upper West,58,55,3,2020-07-04,0
Western,1932,1784,147,2020-07-04,5
Northern,163,120,39,2020-07-04,5
Western North,158,82,76,2020-07-04,11
Greater Accra,12560,9350,3149,2020-07-05,0
Ahafo,36,8,28,2020-07-05,125
Ashanti,4824,3641,1134,2020-07-05,0
Bono,96,34,62,2020-07-05,67
Bono East,142,141,1,2020-07-05,0
Central,1064,835,223,2020-07-05,37
Eastern,855,664,187,2020-07-05,113
Northern,163,120,39,2020-07-05,0
Oti,114,102,12,2020-07-05,30
Northern East,9,7,1,2020-07-05,0
Western North,158,82,76,2020-07-05,0
Western,2045,1883,161,2020-07-05,0
Upper East,278,275,1,2020-07-05,0
Upper West,58,58,0,2020-07-05,3
Volta,370,325,44,2020-07-05,30
Savannah,50,39,11,2020-07-05,31
Ahafo,36,11,25,2020-07-06,0
Ashanti,4972,4011,912,2020-07-06,225
Bono,96,34,62,2020-07-06,0
Bono East,142,142,0,2020-07-06,33
Central,1071,835,230,2020-07-06,47
Greater Accra,12948,9875,3012,2020-07-06,43
Northern,186,159,23,2020-07-06,101
Eastern,907,749,154,2020-07-06,0
Oti,114,102,12,2020-07-06,0
Savannah,50,39,11,2020-07-06,1
Upper East,278,275,1,2020-07-06,0
Upper West,70,58,12,2020-07-06,0
Volta,375,330,44,2020-07-06,0
Western,2051,1913,137,2020-07-06,0
Western North,158,82,76,2020-07-06,5
Northern East,9,7,1,2020-07-06,0
Greater Accra,13194,10228,2905,2020-07-07,0
Ahafo,36,11,25,2020-07-07,159
Ashanti,5078,4138,891,2020-07-07,0
Bono,96,79,17,2020-07-07,0
Bono East,142,142,0,2020-07-07,2
Central,1076,835,233,2020-07-07,187
Northern,186,162,17,2020-07-07,119
Eastern,911,796,111,2020-07-07,0
Oti,115,102,12,2020-07-07,70
Western North,158,82,76,2020-07-07,3
Savannah,51,40,11,2020-07-07,0
Upper East,282,275,5,2020-07-07,0
Upper West,70,58,12,2020-07-07,0
Volta,378,344,33,2020-07-07,4
Western,2052,1913,138,2020-07-07,23
Northern East,9,7,1,2020-07-07,6
Ahafo,66,11,55,2020-07-08,132
Ashanti,5150,4332,769,2020-07-08,65
Bono,107,79,28,2020-07-08,0
Bono East,201,161,40,2020-07-08,8
Central,1110,835,267,2020-07-08,18
Eastern,911,808,99,2020-07-08,47
Greater Accra,13302,10497,2744,2020-07-08,298
Northern,186,162,18,2020-07-08,0
Oti,115,102,12,2020-07-08,0
Savannah,51,48,3,2020-07-08,0
Upper East,282,275,5,2020-07-08,0
Upper West,70,70,0,2020-07-08,0
Volta,387,348,38,2020-07-08,0
Western,2128,1956,170,2020-07-08,0
Western North,173,140,33,2020-07-08,0
Northern East,9,7,1,2020-07-08,0
Greater Accra,13404,10584,2759,2020-07-09,69
Ahafo,98,11,87,2020-07-09,0
Ashanti,5254,4489,716,2020-07-09,17
Bono,107,89,18,2020-07-09,49
Bono East,205,196,9,2020-07-09,49
Central,1110,835,265,2020-07-09,462
Northern,186,162,17,2020-07-09,0
Eastern,931,820,107,2020-07-09,0
Oti,120,102,17,2020-07-09,1
Western,2128,2009,117,2020-07-09,0
Volta,390,350,39,2020-07-09,0
Upper West,70,70,0,2020-07-09,0
Northern East,9,7,1,2020-07-09,1
Savannah,51,48,3,2020-07-09,41
Western North,173,140,33,2020-07-09,0
Upper East,282,275,4,2020-07-09,0
Ahafo,98,11,87,2020-07-10,126
Ashanti,5259,4786,424,2020-07-10,0
Bono,107,96,11,2020-07-10,0
Bono East,205,198,7,2020-07-10,60
Central,1110,866,234,2020-07-10,26
Greater Accra,13690,11093,2536,2020-07-10,438
Eastern,948,830,114,2020-07-10,0
Oti,128,102,25,2020-07-10,0
Savannah,57,48,9,2020-07-10,7
Upper East,282,275,4,2020-07-10,0
Upper West,70,70,0,2020-07-10,0
Volta,418,350,67,2020-07-10,0
Western,2140,2025,113,2020-07-10,4
Western North,200,140,60,2020-07-10,10
Northern East,9,7,1,2020-07-10,127
Northern,267,170,90,2020-07-10,68
Greater Accra,13869,11327,2481,2020-07-11,268
Ahafo,98,14,84,2020-07-11,0
Ashanti,5277,4819,409,2020-07-11,12
Bono,107,96,11,2020-07-11,0
Bono East,205,198,7,2020-07-11,11
Central,1110,866,234,2020-07-11,392
Eastern,960,830,126,2020-07-11,0
Northern,267,170,90,2020-07-11,0
Oti,133,102,30,2020-07-11,0
Savannah,57,48,9,2020-07-11,0
Upper East,282,279,0,2020-07-11,0
Upper West,70,70,0,2020-07-11,0
Volta,419,350,68,2020-07-11,6
Western,2189,2068,119,2020-07-11,30
Western North,200,153,47,2020-07-11,0
Northern East,9,7,1,2020-07-11,0
Ahafo,103,23,80,2020-07-12,290
Ashanti,5277,4872,356,2020-07-12,0
Bono,107,98,9,2020-07-12,16
Bono East,206,198,8,2020-07-12,63
Central,1131,866,255,2020-07-12,30
Eastern,962,851,107,2020-07-12,217
Greater Accra,13986,11327,2598,2020-07-12,0
Northern,271,170,94,2020-07-12,0
Oti,138,102,35,2020-07-12,0
Savannah,57,50,7,2020-07-12,0
Upper East,282,279,0,2020-07-12,0
Upper West,70,70,0,2020-07-12,0
Volta,441,357,83,2020-07-12,6
Western,2190,2088,100,2020-07-12,74
Western North,200,153,47,2020-07-12,30
Northern East,9,7,1,2020-07-12,19
Eastern,998,893,101,2020-07-13,22
Ashanti,5482,4959,474,2020-07-13,8
Ahafo,103,23,80,2020-07-13,0
Bono,107,102,5,2020-07-13,64
Bono East,206,198,8,2020-07-13,112
Central,1131,866,255,2020-07-13,68
Greater Accra,14391,11870,2460,2020-07-13,0
Volta,457,357,99,2020-07-13,45
Northern East,9,7,1,2020-07-13,0
Northern,271,170,94,2020-07-13,5
Western,2206,2170,34,2020-07-13,0
Upper West,71,70,0,2020-07-13,9
Western North,216,153,63,2020-07-13,0
Savannah,57,51,6,2020-07-13,7
Upper East,282,279,0,2020-07-13,0
Oti,138,102,35,2020-07-13,24
Ahafo,103,27,76,2020-07-14,200
Ashanti,5607,4994,555,2020-07-14,0
Bono,107,102,5,2020-07-14,26
Bono East,206,198,8,2020-07-14,4
Central,1140,866,264,2020-07-14,60
Greater Accra,14674,12360,2253,2020-07-14,394
Northern,271,231,35,2020-07-14,0
Eastern,1012,902,108,2020-07-14,0
Oti,139,102,36,2020-07-14,17
Savannah,57,51,6,2020-07-14,0
Upper East,282,279,0,2020-07-14,0
Upper West,71,70,0,2020-07-14,0
Volta,460,363,96,2020-07-14,5
Western,2218,2178,38,2020-07-14,6
Western North,216,185,31,2020-07-14,0
Northern East,9,7,1,2020-07-14,0
Greater Accra,14923,12360,2502,2020-07-15,319
Ahafo,103,27,76,2020-07-15,5
Ashanti,5642,5056,528,2020-07-15,21
Bono,166,102,64,2020-07-15,0
Bono East,294,243,51,2020-07-15,0
Central,1140,866,264,2020-07-15,428
Northern,271,231,35,2020-07-15,1
Eastern,1030,915,113,2020-07-15,0
Oti,143,102,40,2020-07-15,1
Western North,216,185,31,2020-07-15,0
Savannah,57,51,6,2020-07-15,0
Upper East,282,279,0,2020-07-15,0
Upper West,74,70,3,2020-07-15,0
Volta,492,367,124,2020-07-15,7
Western,2218,2183,33,2020-07-15,0
Northern East,9,7,1,2020-07-15,0
Ahafo,103,28,75,2020-07-16,363
Ashanti,5841,5056,727,2020-07-16,0
Bono,266,189,77,2020-07-16,2
Bono East,294,281,10,2020-07-16,13
Central,1140,866,264,2020-07-16,30
Eastern,1077,915,160,2020-07-16,667
Greater Accra,15136,12416,2659,2020-07-16,6
Northern,271,231,35,2020-07-16,0
Oti,146,109,36,2020-07-16,2
Savannah,57,56,1,2020-07-16,0
Upper East,282,279,0,2020-07-16,0
Upper West,74,73,0,2020-07-16,4
Volta,502,375,126,2020-07-16,11
Western,2253,2183,68,2020-07-16,24
Western North,216,185,31,2020-07-16,65
Northern East,9,7,1,2020-07-16,5
Eastern,1087,964,119,2020-07-17,220
Ashanti,6151,5590,502,2020-07-17,-4
Ahafo,116,44,72,2020-07-17,8
Bono,421,252,169,2020-07-17,16
Bono East,294,291,0,2020-07-17,0
Central,1155,1141,4,2020-07-17,290
Greater Accra,15328,13090,2175,2020-07-17,0
Volta,511,375,135,2020-07-17,0
Northern East,9,7,1,2020-07-17,0
Northern,271,231,35,2020-07-17,0
Western,2310,2183,125,2020-07-17,0
Upper West,75,73,1,2020-07-17,0
Western North,216,216,0,2020-07-17,4
Savannah,57,56,1,2020-07-17,47
Upper East,282,279,0,2020-07-17,0
Oti,147,109,37,2020-07-17,0
Ahafo,116,44,72,2020-07-18,379
Ashanti,6264,5636,569,2020-07-18,9
Bono,421,298,123,2020-07-18,13
Bono East,383,304,76,2020-07-18,5
Central,1236,1141,85,2020-07-18,0
Greater Accra,15519,13297,2159,2020-07-18,358
Northern,271,240,26,2020-07-18,0
Eastern,1091,987,100,2020-07-18,0
Oti,150,111,38,2020-07-18,0
Savannah,57,56,1,2020-07-18,0
Upper East,282,279,0,2020-07-18,0
Upper West,75,73,1,2020-07-18,0
Volta,522,389,132,2020-07-18,5
Western,2310,2193,115,2020-07-18,25
Western North,283,276,7,2020-07-18,0
Northern East,9,7,1,2020-07-18,0
Eastern,1120,997,119,2020-07-19,241
Ashanti,6637,5911,667,2020-07-19,0
Ahafo,116,52,64,2020-07-19,0
Bono,421,347,74,2020-07-19,59
Bono East,383,308,72,2020-07-19,50
Central,1236,1141,85,2020-07-19,205
Greater Accra,15706,13699,1944,2020-07-19,0
Volta,538,389,148,2020-07-19,0
Northern East,9,7,1,2020-07-19,0
Oti,154,111,42,2020-07-19,0
Savannah,57,56,1,2020-07-19,0
Upper East,282,279,0,2020-07-19,0
Upper West,75,73,1,2020-07-19,30
Western,2350,2204,144,2020-07-19,106
Northern,302,240,57,2020-07-19,0
Western North,286,276,10,2020-07-19,0
Oti,172,116,55,2020-07-20,389
Western North,298,293,5,2020-07-20,0
Western,2361,2213,146,2020-07-20,30
Volta,538,394,143,2020-07-20,33
Upper West,75,73,1,2020-07-20,44
Upper East,282,279,0,2020-07-20,157
Savannah,57,56,1,2020-07-20,0
Northern East,9,7,1,2020-07-20,0
Greater Accra,15863,14020,1780,2020-07-20,18
Eastern,1164,997,163,2020-07-20,0
Central,1269,1141,118,2020-07-20,0
Bono East,413,334,76,2020-07-20,0
Bono,421,361,60,2020-07-20,0
Ashanti,7026,6111,856,2020-07-20,11
Ahafo,116,52,64,2020-07-20,12
Northern,302,240,57,2020-07-20,0
Ahafo,116,53,63,2020-07-21,373
Ashanti,7267,6737,468,2020-07-21,0
Bono,421,417,4,2020-07-21,0
Bono East,413,357,53,2020-07-21,0
Central,1328,1141,177,2020-07-21,29
Eastern,1214,1095,113,2020-07-21,187
Greater Accra,16068,14280,1722,2020-07-21,31
Northern,302,265,32,2020-07-21,0
Northern East,9,7,1,2020-07-21,4
Oti,172,126,45,2020-07-21,0
Savannah,57,56,1,2020-07-21,0
Upper East,282,279,0,2020-07-21,0
Upper West,75,73,1,2020-07-21,16
Volta,568,406,161,2020-07-21,40
Western,2467,2216,249,2020-07-21,3
Western North,298,293,5,2020-07-21,0
Ahafo,116,53,63,2020-07-22,113
Ashanti,7646,6961,623,2020-07-22,0
Bono,430,418,12,2020-07-22,89
Bono East,426,365,58,2020-07-22,81
Central,1333,1157,166,2020-07-22,4
Eastern,1214,1132,76,2020-07-22,191
Greater Accra,16426,14587,1773,2020-07-22,0
Northern,302,265,32,2020-07-22,0
Northern East,9,7,1,2020-07-22,3
Oti,172,129,42,2020-07-22,0
Savannah,57,56,1,2020-07-22,0
Upper East,282,279,0,2020-07-22,0
Upper West,75,73,1,2020-07-22,11
Volta,573,409,163,2020-07-22,0
Western,2492,2254,236,2020-07-22,67
Western North,298,293,5,2020-07-22,13
Ahafo,121,53,68,2020-07-23,310
Ashanti,7866,7068,736,2020-07-23,155
Bono,426,418,8,2020-07-23,0
Bono East,434,375,56,2020-07-23,15
Central,1349,1157,182,2020-07-23,10
Eastern,1214,1153,55,2020-07-23,192
Greater Accra,16716,14848,1802,2020-07-23,0
Northern,302,295,2,2020-07-23,0
Northern East,9,7,1,2020-07-23,1
Oti,172,129,42,2020-07-23,0
Savannah,57,56,1,2020-07-23,0
Upper East,282,279,0,2020-07-23,1
Upper West,75,73,1,2020-07-23,9
Volta,577,437,139,2020-07-23,57
Western,2539,2286,251,2020-07-23,0
Western North,298,293,5,2020-07-23,0
Ahafo,121,53,68,2020-07-25,199
Ashanti,8229,7224,938,2020-07-25,100
Bono,426,418,8,2020-07-25,0
Bono East,436,379,54,2020-07-25,0
Central,1362,1261,91,2020-07-25,47
Eastern,1244,1159,79,2020-07-25,213
Greater Accra,17383,15284,2031,2020-07-25,0
Western North,363,358,5,2020-07-25,0
Northern East,9,8,0,2020-07-25,3
Oti,174,132,41,2020-07-25,0
Savannah,57,56,1,2020-07-25,0
Upper East,282,279,0,2020-07-25,0
Upper West,79,73,5,2020-07-25,10
Volta,588,476,111,2020-07-25,35
Western,2563,2346,215,2020-07-25,0
Northern,308,295,8,2020-07-25,0
Ahafo,121,54,67,2020-07-26,35
Ashanti,8548,8001,480,2020-07-26,59
Bono,431,418,13,2020-07-26,88
Bono East,457,387,67,2020-07-26,0
Central,1362,1261,91,2020-07-26,18
Eastern,1244,1189,49,2020-07-26,249
Greater Accra,17811,15284,2459,2020-07-26,0
Northern,309,295,9,2020-07-26,0
Northern East,9,8,0,2020-07-26,4
Oti,175,136,38,2020-07-26,0
Savannah,57,56,1,2020-07-26,0
Upper East,282,279,0,2020-07-26,3
Upper West,79,73,5,2020-07-26,32
Volta,588,476,111,2020-07-26,0
Western,2570,2346,222,2020-07-26,0
Western North,363,358,5,2020-07-26,0
Ahafo,145,54,91,2020-07-27,125
Ashanti,8748,8027,649,2020-07-27,0
Bono,431,421,10,2020-07-27,0
Bono East,483,387,93,2020-07-27,9
Central,1366,1227,129,2020-07-27,14
Eastern,1304,1272,26,2020-07-27,283
Greater Accra,18205,15867,2268,2020-07-27,0
Western North,363,358,5,2020-07-27,0
Northern,309,295,9,2020-07-27,1
Oti,192,139,52,2020-07-27,0
Savannah,57,56,1,2020-07-27,0
Upper East,282,279,0,2020-07-27,0
Upper West,79,74,4,2020-07-27,3
Volta,593,476,116,2020-07-27,12
Western,2576,2346,228,2020-07-27,0
Northern East,9,8,0,2020-07-27,0
Greater Accra,18273,16301,1900,2020-07-28,205
Ashanti,8770,8175,518,2020-07-28,0
Bono,439,421,18,2020-07-28,0
Bono East,483,387,93,2020-07-28,0
Central,1430,1227,193,2020-07-28,36
Eastern,1416,1361,49,2020-07-28,405
Northern East,9,8,0,2020-07-28,0
Ahafo,164,70,94,2020-07-28,0
Oti,192,139,52,2020-07-28,0
Western North,363,358,5,2020-07-28,0
Western,2583,2417,164,2020-07-28,0
Volta,593,476,116,2020-07-28,1
Northern,354,342,7,2020-07-28,16
Upper East,282,279,0,2020-07-28,16
Savannah,62,61,1,2020-07-28,16
Upper West,88,74,13,2020-07-28,5
Ahafo,164,106,58,2020-07-29,0
Ashanti,9060,8259,724,2020-07-29,0
Bono,439,439,0,2020-07-29,1
Bono East,499,461,35,2020-07-29,21
Central,1493,1227,256,2020-07-29,2
Greater Accra,18490,16624,1794,2020-07-29,117
Northern East,9,8,0,2020-07-29,4
Eastern,1446,1365,75,2020-07-29,0
Oti,192,156,35,2020-07-29,5
Savannah,62,61,1,2020-07-29,0
Upper East,282,279,0,2020-07-29,0
Upper West,88,74,13,2020-07-29,0
Volta,599,511,87,2020-07-29,22
Western,2657,2524,131,2020-07-29,1
Western North,393,389,4,2020-07-29,0
Northern,354,342,7,2020-07-29,0
Ahafo,232,140,92,2020-07-30,18
Ashanti,9328,8399,852,2020-07-30,0
Bono,439,429,10,2020-07-30,0
Bono East,511,480,28,2020-07-30,0
Central,1493,1308,175,2020-07-30,12
Greater Accra,18882,16832,1978,2020-07-30,179
Eastern,1457,1406,45,2020-07-30,0
Northern East,9,8,0,2020-07-30,0
Oti,192,156,35,2020-07-30,5
Savannah,62,61,1,2020-07-30,0
Upper East,282,279,0,2020-07-30,0
Upper West,88,79,8,2020-07-30,0
Volta,605,511,93,2020-07-30,1
Western,2687,2544,141,2020-07-30,49
Western North,393,389,4,2020-07-30,0
Northern,354,344,5,2020-07-30,0
Ahafo,232,175,57,2020-07-31,5
Ashanti,9454,8599,775,2020-07-31,0
Bono,439,430,9,2020-07-31,0
Bono East,511,486,22,2020-07-31,0
Central,1553,1308,235,2020-07-31,17
Eastern,1483,1470,7,2020-07-31,286
Greater Accra,19320,17357,1885,2020-07-31,81
Northern,354,347,2,2020-07-31,0
Oti,199,164,34,2020-07-31,8
Savannah,62,61,1,2020-07-31,6
Upper East,282,279,0,2020-07-31,0
Upper West,88,79,8,2020-07-31,0
Volta,609,530,78,2020-07-31,28
Western,2697,2371,124,2020-07-31,12
Western North,520,449,71,2020-07-31,27
Northern East,9,8,0,2020-07-31,32
Ahafo,232,175,57,2020-08-01,104
Ashanti,9523,8657,786,2020-08-01,0
Bono,439,430,9,2020-08-01,4
Bono East,528,504,21,2020-08-01,0
Central,1602,1308,284,2020-08-01,20
Eastern,1532,1494,32,2020-08-01,102
Greater Accra,19782,17690,2014,2020-08-01,0
Northern,354,347,2,2020-08-01,0
Oti,200,164,35,2020-08-01,5
Western North,520,449,71,2020-08-01,0
Western,2738,2601,135,2020-08-01,0
Volta,610,530,79,2020-08-01,0
Northern East,9,8,0,2020-08-01,3
Upper East,282,279,0,2020-08-01,0
Savannah,62,61,1,2020-08-01,0
Upper West,88,85,2,2020-08-01,30
Ahafo,364,175,189,2020-08-02,72
Ashanti,9588,881,625,2020-08-02,11
Bono,439,431,8,2020-08-02,59
Bono East,536,518,15,2020-08-02,34
Eastern,1579,1526,47,2020-08-02,0
Greater Accra,20080,18114,1888,2020-08-02,108
Central,1620,1321,289,2020-08-02,0
Northern,354,347,2,2020-08-02,0
Oti,200,168,31,2020-08-02,0
Savannah,62,61,1,2020-08-02,0
Upper East,282,279,0,2020-08-02,0
Upper West,88,85,0,2020-08-02,0
Volta,610,557,48,2020-08-02,9
Western,2738,2601,135,2020-08-02,76
Northern East,9,8,0,2020-08-02,15
Ahafo,364,311,53,2020-08-03,0
Ashanti,9747,9017,648,2020-08-03,106
Bono,439,436,3,2020-08-03,0
Bono East,536,520,13,2020-08-03,0
Central,1622,1497,115,2020-08-03,5
Eastern,1766,1543,217,2020-08-03,4
Greater Accra,20199,18415,1706,2020-08-03,246
Northern East,9,8,0,2020-08-03,0
Oti,203,168,34,2020-08-03,0
Savannah,62,61,1,2020-08-03,1
Upper East,282,279,0,2020-08-03,1
Upper West,88,85,0,2020-08-03,4
Volta,614,557,52,2020-08-03,0
Western,2761,2638,121,2020-08-03,3
Western North,526,491,35,2020-08-03,1
Northern,424,358,61,2020-08-03,0
Ahafo,364,311,53,2020-08-04,0
Ashanti,9972,9232,656,2020-08-04,148
Bono,439,436,3,2020-08-04,0
Bono East,569,537,29,2020-08-04,0
Central,1669,1497,162,2020-08-04,7
Eastern,1809,1559,242,2020-08-04,52
Greater Accra,20300,18415,1804,2020-08-04,388
Northern East,9,8,0,2020-08-04,23
Oti,204,168,35,2020-08-04,0
Savannah,62,61,1,2020-08-04,0
Upper East,282,279,0,2020-08-04,0
Upper West,88,85,0,2020-08-04,0
Volta,614,557,52,2020-08-04,12
Western,2766,2644,120,2020-08-04,5
Western North,526,491,35,2020-08-04,6
Northern,424,358,61,2020-08-04,0
Ahafo,364,313,51,2020-08-05,10
Ashanti,10097,9336,677,2020-08-05,197
Greater Accra,20413,19090,1242,2020-08-05,9
Bono East,636,585,48,2020-08-05,2
Central,1669,1497,162,2020-08-05,47
Eastern,1846,1661,177,2020-08-05,2
Northern East,9,8,0,2020-08-05,473
Bono,439,436,3,2020-08-05,0
Oti,204,182,21,2020-08-05,1
Savannah,62,61,1,2020-08-05,0
Upper East,282,279,0,2020-08-05,0
Upper West,88,85,0,2020-08-05,0
Volta,617,587,25,2020-08-05,0
Western,2796,2650,144,2020-08-05,0
Western North,557,517,40,2020-08-05,113
Northern,454,415,34,2020-08-05,0
Ahafo,428,341,87,2020-08-06,0
Ashanti,10251,9597,568,2020-08-06,93
Bono,439,436,3,2020-08-06,49
Bono East,660,620,37,2020-08-06,1
Central,1721,1497,214,2020-08-06,25
Eastern,1923,1692,221,2020-08-06,18
Greater Accra,20491,19321,1087,2020-08-06,579
Northern East,9,8,0,2020-08-06,26
Northern,454,415,34,2020-08-06,0
Oti,204,191,12,2020-08-06,2
Savannah,62,61,0,2020-08-06,4
Upper East,282,279,0,2020-08-06,0
Upper West,88,85,0,2020-08-06,3
Volta,622,587,28,2020-08-06,1
Western,2801,2671,128,2020-08-06,86
Western North,568,529,39,2020-08-06,4
Ahafo,428,341,87,2020-08-07,0
Ashanti,10328,9673,569,2020-08-07,290
Bono,439,436,3,2020-08-07,0
Bono East,684,647,34,2020-08-07,3
Central,1721,1497,214,2020-08-07,9
Eastern,1933,1708,215,2020-08-07,37
Greater Accra,20585,19552,950,2020-08-07,529
Northern East,9,8,0,2020-08-07,0
Northern,454,415,34,2020-08-07,0
Oti,204,191,12,2020-08-07,0
Savannah,62,61,0,2020-08-07,0
Upper East,282,279,0,2020-08-07,0
Upper West,88,85,0,2020-08-07,0
Volta,623,589,27,2020-08-07,7
Western,2804,2716,86,2020-08-07,117
Western North,568,529,39,2020-08-07,0
Ahafo,463,370,93,2020-08-08,0
Ashanti,10379,9733,560,2020-08-08,145
Bono,439,436,3,2020-08-08,20
Bono East,689,648,38,2020-08-08,0
Central,1735,1497,228,2020-08-08,0
Eastern,1938,1715,213,2020-08-08,82
Greater Accra,20651,19772,796,2020-08-08,342
Northern East,9,8,0,2020-08-08,0
Northern,454,415,34,2020-08-08,2
Oti,204,191,12,2020-08-08,0
Savannah,62,61,0,2020-08-08,4
Upper East,282,279,0,2020-08-08,4
Upper West,88,85,0,2020-08-08,0
Volta,625,599,19,2020-08-08,4
Western,2818,2717,99,2020-08-08,67
Western North,568,529,39,2020-08-08,27
Ahafo,463,436,27,2020-08-09,18
Ashanti,10393,9769,538,2020-08-09,423
Bono,439,436,3,2020-08-09,0
Bono East,689,648,38,2020-08-09,47
Central,1749,1497,242,2020-08-09,10
Eastern,1972,1732,228,2020-08-09,48
Greater Accra,20749,19896,766,2020-08-09,550
Northern East,9,8,0,2020-08-09,0
Northern,454,415,34,2020-08-09,0
Oti,211,194,16,2020-08-09,0
Savannah,62,61,0,2020-08-09,0
Upper East,282,279,0,2020-08-09,0
Upper West,88,85,0,2020-08-09,15
Volta,626,605,12,2020-08-09,12
Western,2818,2717,99,2020-08-09,106
Western North,568,542,26,2020-08-09,25
Ahafo,469,436,33,2020-08-10,0
Ashanti,10408,9779,543,2020-08-10,201
Bono,439,438,1,2020-08-10,0
Bono East,700,654,43,2020-08-10,37
Central,1751,1497,244,2020-08-10,1
Eastern,1991,1756,223,2020-08-10,67
Greater Accra,20824,20008,729,2020-08-10,446
Northern East,9,8,0,2020-08-10,17
Northern,454,415,34,2020-08-10,0
Oti,213,194,18,2020-08-10,2
Savannah,62,61,0,2020-08-10,3
Upper East,282,279,0,2020-08-10,0
Upper West,88,85,0,2020-08-10,0
Volta,626,605,12,2020-08-10,9
Western,2829,2738,89,2020-08-10,0
Western North,580,542,38,2020-08-10,0
Ahafo,469,438,31,2020-08-11,0
Ashanti,10431,9845,500,2020-08-11,77
Bono,439,438,1,2020-08-11,13
Bono East,703,657,43,2020-08-11,0
Central,1751,1497,244,2020-08-11,36
Eastern,2013,1769,232,2020-08-11,30
Greater Accra,20865,20109,669,2020-08-11,315
Northern East,9,8,0,2020-08-11,0
Northern,454,415,34,2020-08-11,0
Oti,213,197,15,2020-08-11,0
Savannah,62,61,0,2020-08-11,0
Upper East,282,279,0,2020-08-11,0
Upper West,88,85,0,2020-08-11,5
Volta,628,605,14,2020-08-11,0
Western,2860,2773,85,2020-08-11,125
Western North,580,542,38,2020-08-11,8
Ahafo,469,441,28,2020-08-12,0
Ashanti,10476,9942,446,2020-08-12,54
Bono,468,439,29,2020-08-12,0
Bono East,703,657,42,2020-08-12,2
Central,1754,1497,247,2020-08-12,33
Eastern,2024,1783,228,2020-08-12,30
Greater Accra,20970,20244,637,2020-08-12,162
Northern East,9,8,0,2020-08-12,20
Northern,472,439,27,2020-08-12,2
Oti,213,198,13,2020-08-12,0
Savannah,62,61,0,2020-08-12,1
Upper East,282,279,0,2020-08-12,3
Upper West,88,85,0,2020-08-12,0
Volta,630,605,16,2020-08-12,2
Western,2863,2773,88,2020-08-12,2
Western North,580,542,38,2020-08-12,0
Ahafo,469,441,28,2020-08-13,0
Ashanti,10488,9985,415,2020-08-13,183
Bono,468,451,17,2020-08-13,1
Bono East,716,658,54,2020-08-13,3
Central,1754,1497,247,2020-08-13,104
Eastern,2065,1801,251,2020-08-13,55
Greater Accra,21014,20268,657,2020-08-13,94
Upper East,282,279,0,2020-08-13,0
Northern,472,455,11,2020-08-13,0
Oti,213,198,13,2020-08-13,0
Savannah,62,61,0,2020-08-13,0
Upper West,88,85,0,2020-08-13,0
Volta,631,605,17,2020-08-13,0
Western,2899,2813,84,2020-08-13,4
Western North,580,542,38,2020-08-13,153
Northern East,9,8,0,2020-08-13,0
Ahafo,469,446,23,2020-08-14,0
Ashanti,10560,10034,438,2020-08-14,204
Bono,480,454,26,2020-08-14,0
Bono East,716,659,53,2020-08-14,0
Central,1784,1497,277,2020-08-14,1
Eastern,2088,1817,258,2020-08-14,34
Greater Accra,21162,20341,732,2020-08-14,86
Northern East,18,17,0,2020-08-14,5
Northern,489,466,17,2020-08-14,0
Oti,215,202,11,2020-08-14,2
Savannah,62,61,0,2020-08-14,0
Upper East,282,279,0,2020-08-14,0
Upper West,88,85,0,2020-08-14,0
Volta,640,605,26,2020-08-14,10
Western,2899,2823,74,2020-08-14,19
Western North,580,576,4,2020-08-14,0
Ahafo,485,446,39,2020-08-15,0
Ashanti,10569,10034,445,2020-08-15,42
Bono,480,454,26,2020-08-15,1
Bono East,720,665,51,2020-08-15,12
Central,1801,1563,226,2020-08-15,0
Eastern,2097,1822,261,2020-08-15,45
Greater Accra,21212,20469,652,2020-08-15,293
Northern East,18,17,0,2020-08-15,18
Northern,489,466,17,2020-08-15,0
Oti,229,202,25,2020-08-15,3
Savannah,62,61,0,2020-08-15,0
Upper East,282,279,0,2020-08-15,0
Upper West,88,85,0,2020-08-15,0
Volta,642,605,28,2020-08-15,0
Western,2899,2823,73,2020-08-15,44
Western North,580,576,4,2020-08-15,2
Ahafo,490,446,44,2020-08-16,0
Ashanti,10650,10082,478,2020-08-16,48
Bono,480,458,22,2020-08-16,0
Bono East,730,676,46,2020-08-16,2
Central,1829,1563,254,2020-08-16,4
Eastern,2109,1834,258,2020-08-16,7
Greater Accra,21369,20593,685,2020-08-16,284
Northern East,18,17,0,2020-08-16,16
Northern,489,466,17,2020-08-16,1
Oti,229,202,25,2020-08-16,0
Savannah,62,61,0,2020-08-16,1
Upper East,282,279,0,2020-08-16,0
Upper West,88,85,0,2020-08-16,0
Volta,646,605,30,2020-08-16,7
Western,2924,2853,68,2020-08-16,65
Western North,598,576,22,2020-08-16,10
Ahafo,490,446,44,2020-08-17,0
Ashanti,10650,10106,472,2020-08-17,55
Bono,480,479,1,2020-08-17,0
Bono East,730,679,40,2020-08-17,0
Central,1836,1563,261,2020-08-17,0
Eastern,2109,1848,242,2020-08-17,27
Greater Accra,21445,20698,656,2020-08-17,332
Upper East,282,279,0,2020-08-17,0
Northern,489,466,14,2020-08-17,0
Oti,229,202,25,2020-08-17,0
Savannah,62,61,0,2020-08-17,0
Upper West,88,85,0,2020-08-17,0
Volta,646,605,30,2020-08-17,0
Western,2924,2853,68,2020-08-17,0
Western North,598,576,22,2020-08-17,0
Northern East,18,17,0,2020-08-17,0
Ahafo,490,446,44,2020-08-18,0
Ashanti,10695,10172,432,2020-08-18,73
Bono,480,479,1,2020-08-18,0
Bono East,730,679,40,2020-08-18,0
Central,1836,1563,259,2020-08-18,0
Eastern,2157,1874,264,2020-08-18,11
Greater Accra,21521,20896,533,2020-08-18,53
Northern East,18,17,0,2020-08-18,0
Northern,497,483,5,2020-08-18,1
Oti,229,202,25,2020-08-18,0
Savannah,62,61,0,2020-08-18,0
Upper East,282,279,0,2020-08-18,0
Upper West,88,85,0,2020-08-18,3
Volta,646,605,30,2020-08-18,0
Western,2931,2859,68,2020-08-18,6
Western North,598,576,22,2020-08-18,0
Ahafo,490,446,44,2020-08-19,0
Ashanti,10706,10223,392,2020-08-19,102
Bono,480,479,1,2020-08-19,2
Bono East,730,679,40,2020-08-19,10
Central,1837,1563,260,2020-08-19,5
Eastern,2157,1903,235,2020-08-19,4
Greater Accra,21567,20941,534,2020-08-19,162
Upper East,282,279,0,2020-08-19,0
Northern,497,483,5,2020-08-19,0
Oti,229,202,25,2020-08-19,0
Savannah,62,61,0,2020-08-19,0
Upper West,88,85,0,2020-08-19,0
Volta,651,608,32,2020-08-19,0
Western,2933,2863,66,2020-08-19,5
Western North,598,576,22,2020-08-19,0
Northern East,18,17,0,2020-08-19,0
