,region,cases,recovered,active_cases,date,new_case
1423,Western North,82.0,57.0,25.0,2020-06-18,0.0
1408,Ahafo,8.0,0.0,8.0,2020-06-18,2.0
1409,Ashanti,2637.0,1760.0,877.0,2020-06-18,0.0
1410,Bono,1.0,1.0,0.0,2020-06-18,0.0
1411,Bono East,23.0,13.0,10.0,2020-06-18,0.0
1412,Central,789.0,619.0,170.0,2020-06-18,1.0
1413,Eastern,358.0,209.0,149.0,2020-06-18,98.0
1414,Greater Accra,7860.0,6068.0,1792.0,2020-06-18,0.0
1422,Western,1142.0,950.0,192.0,2020-06-18,19.0
1416,Northern East,2.0,1.0,1.0,2020-06-18,0.0
1421,Volta,309.0,251.0,58.0,2020-06-18,0.0
1420,Upper West,32.0,32.0,0.0,2020-06-18,0.0
1415,Northern,61.0,32.0,29.0,2020-06-18,0.0
1418,Savannah,37.0,37.0,0.0,2020-06-18,1.0
1417,Oti,105.0,21.0,84.0,2020-06-18,3.0
1419,Upper East,271.0,23.0,248.0,2020-06-18,0.0
1392,Ahafo,8.0,0.0,8.0,2020-06-19,0.0
1393,Ashanti,2739.0,1869.0,870.0,2020-06-19,0.0
1394,Bono,3.0,1.0,2.0,2020-06-19,0.0
1395,Bono East,33.0,13.0,20.0,2020-06-19,0.0
1396,Central,794.0,660.0,134.0,2020-06-19,3.0
1398,Greater Accra,8022.0,6181.0,1841.0,2020-06-19,0.0
1399,Northern,61.0,32.0,29.0,2020-06-19,17.0
1397,Eastern,362.0,215.0,147.0,2020-06-19,0.0
1401,Oti,105.0,31.0,74.0,2020-06-19,0.0
1402,Savannah,37.0,37.0,0.0,2020-06-19,0.0
1403,Upper East,271.0,23.0,248.0,2020-06-19,0.0
1404,Upper West,32.0,32.0,0.0,2020-06-19,0.0
1405,Volta,314.0,251.0,63.0,2020-06-19,0.0
1406,Western,1142.0,1069.0,73.0,2020-06-19,0.0
1407,Western North,82.0,57.0,25.0,2020-06-19,0.0
1400,Northern East,2.0,2.0,0.0,2020-06-19,0.0
1381,Eastern,373.0,215.0,158.0,2020-06-20,0.0
1376,Ahafo,8.0,0.0,8.0,2020-06-20,3.0
1377,Ashanti,2812.0,1869.0,943.0,2020-06-20,0.0
1378,Bono,3.0,1.0,2.0,2020-06-20,0.0
1379,Bono East,33.0,13.0,20.0,2020-06-20,0.0
1380,Central,794.0,660.0,134.0,2020-06-20,1.0
1382,Greater Accra,8075.0,6181.0,1894.0,2020-06-20,90.0
1389,Volta,314.0,251.0,63.0,2020-06-20,0.0
1384,Northern East,3.0,2.0,1.0,2020-06-20,0.0
1385,Oti,105.0,31.0,74.0,2020-06-20,1.0
1386,Savannah,37.0,37.0,0.0,2020-06-20,0.0
1387,Upper East,271.0,23.0,248.0,2020-06-20,0.0
1388,Upper West,35.0,32.0,3.0,2020-06-20,0.0
1390,Western,1148.0,1069.0,79.0,2020-06-20,0.0
1391,Western North,82.0,57.0,25.0,2020-06-20,0.0
1383,Northern,61.0,32.0,29.0,2020-06-20,0.0
1366,Greater Accra,8407.0,6485.0,1922.0,2020-06-21,0.0
1360,Ahafo,8.0,0.0,8.0,2020-06-21,3.0
1361,Ashanti,2867.0,1887.0,980.0,2020-06-21,0.0
1362,Bono,3.0,1.0,2.0,2020-06-21,0.0
1363,Bono East,33.0,16.0,17.0,2020-06-21,0.0
1364,Central,794.0,660.0,134.0,2020-06-21,0.0
1367,Northern,61.0,61.0,0.0,2020-06-21,29.0
1365,Eastern,400.0,223.0,177.0,2020-06-21,0.0
1369,Oti,105.0,32.0,73.0,2020-06-21,0.0
1375,Western North,82.0,65.0,17.0,2020-06-21,1.0
1370,Savannah,37.0,37.0,0.0,2020-06-21,0.0
1371,Upper East,271.0,23.0,248.0,2020-06-21,0.0
1372,Upper West,35.0,35.0,0.0,2020-06-21,0.0
1373,Volta,314.0,281.0,33.0,2020-06-21,0.0
1374,Western,1148.0,1099.0,49.0,2020-06-21,0.0
1368,Northern East,3.0,2.0,1.0,2020-06-21,0.0
1344,Ahafo,8.0,1.0,7.0,2020-06-22,0.0
1345,Ashanti,2915.0,1918.0,997.0,2020-06-22,3.0
1346,Bono,3.0,2.0,1.0,2020-06-22,0.0
1347,Bono East,35.0,16.0,19.0,2020-06-22,0.0
1348,Central,798.0,660.0,138.0,2020-06-22,14.0
1349,Eastern,407.0,230.0,177.0,2020-06-22,0.0
1350,Greater Accra,8691.0,6560.0,2131.0,2020-06-22,34.0
1351,Northern,77.0,61.0,16.0,2020-06-22,0.0
1352,Northern East,4.0,2.0,2.0,2020-06-22,0.0
1353,Oti,105.0,34.0,71.0,2020-06-22,1.0
1354,Savannah,38.0,37.0,1.0,2020-06-22,0.0
1355,Upper East,271.0,23.0,248.0,2020-06-22,6.0
1356,Upper West,35.0,35.0,0.0,2020-06-22,0.0
1357,Volta,321.0,284.0,37.0,2020-06-22,1.0
1358,Western,1213.0,1150.0,63.0,2020-06-22,0.0
1359,Western North,92.0,65.0,27.0,2020-06-22,0.0
1328,Ahafo,8.0,1.0,7.0,2020-06-23,0.0
1329,Ashanti,2957.0,1955.0,1002.0,2020-06-23,5.0
1330,Bono,4.0,2.0,2.0,2020-06-23,0.0
1331,Bono East,47.0,16.0,31.0,2020-06-23,0.0
1332,Central,798.0,743.0,55.0,2020-06-23,0.0
1333,Eastern,452.0,272.0,180.0,2020-06-23,0.0
1334,Greater Accra,8984.0,6697.0,2287.0,2020-06-23,49.0
1343,Western North,94.0,65.0,29.0,2020-06-23,0.0
1336,Northern East,4.0,2.0,2.0,2020-06-23,0.0
1337,Oti,108.0,34.0,74.0,2020-06-23,0.0
1338,Savannah,38.0,37.0,1.0,2020-06-23,0.0
1339,Upper East,271.0,40.0,231.0,2020-06-23,0.0
1340,Upper West,35.0,35.0,0.0,2020-06-23,0.0
1341,Volta,321.0,284.0,37.0,2020-06-23,0.0
1342,Western,1257.0,1187.0,70.0,2020-06-23,0.0
1335,Northern,95.0,61.0,34.0,2020-06-23,0.0
1312,Ahafo,8.0,6.0,2.0,2020-06-24,0.0
1313,Ashanti,3161.0,1996.0,1128.0,2020-06-24,7.0
1317,Eastern,486.0,295.0,189.0,2020-06-24,0.0
1314,Bono,4.0,2.0,2.0,2020-06-24,1.0
1315,Bono East,47.0,16.0,31.0,2020-06-24,0.0
1316,Central,799.0,743.0,52.0,2020-06-24,0.0
1318,Greater Accra,9070.0,6811.0,2206.0,2020-06-24,21.0
1325,Volta,331.0,284.0,46.0,2020-06-24,0.0
1320,Northern East,4.0,2.0,1.0,2020-06-24,0.0
1319,Northern,100.0,63.0,35.0,2020-06-24,0.0
1326,Western,1276.0,1187.0,88.0,2020-06-24,0.0
1324,Upper West,35.0,35.0,0.0,2020-06-24,0.0
1327,Western North,94.0,66.0,28.0,2020-06-24,0.0
1322,Savannah,38.0,37.0,1.0,2020-06-24,0.0
1323,Upper East,271.0,133.0,136.0,2020-06-24,0.0
1321,Oti,110.0,79.0,31.0,2020-06-24,0.0
1296,Ahafo,8.0,6.0,2.0,2020-06-25,0.0
1297,Ashanti,3344.0,2043.0,1264.0,2020-06-25,4.0
1298,Bono,5.0,2.0,2.0,2020-06-25,0.0
1299,Bono East,50.0,24.0,31.0,2020-06-25,2.0
1300,Central,903.0,765.0,114.0,2020-06-25,0.0
1302,Greater Accra,9164.0,7043.0,2068.0,2020-06-25,2.0
1303,Northern,100.0,63.0,35.0,2020-06-25,71.0
1301,Eastern,541.0,311.0,218.0,2020-06-25,0.0
1305,Oti,110.0,94.0,31.0,2020-06-25,0.0
1306,Savannah,38.0,37.0,1.0,2020-06-25,0.0
1307,Upper East,271.0,133.0,136.0,2020-06-25,0.0
1308,Upper West,35.0,35.0,0.0,2020-06-25,0.0
1309,Volta,335.0,310.0,24.0,2020-06-25,0.0
1310,Western,1429.0,1321.0,107.0,2020-06-25,0.0
1311,Western North,94.0,68.0,28.0,2020-06-25,0.0
1304,Northern East,4.0,2.0,1.0,2020-06-25,0.0
1285,Eastern,571.0,354.0,213.0,2020-06-26,0.0
1280,Ahafo,8.0,6.0,2.0,2020-06-26,0.0
1281,Ashanti,3398.0,2078.0,1278.0,2020-06-26,0.0
1282,Bono,5.0,2.0,3.0,2020-06-26,0.0
1283,Bono East,52.0,24.0,28.0,2020-06-26,0.0
1284,Central,936.0,765.0,167.0,2020-06-26,3.0
1286,Greater Accra,9326.0,7292.0,1981.0,2020-06-26,55.0
1293,Volta,337.0,310.0,26.0,2020-06-26,0.0
1288,Northern East,6.0,2.0,3.0,2020-06-26,0.0
1289,Oti,110.0,95.0,15.0,2020-06-26,1.0
1290,Savannah,39.0,37.0,2.0,2020-06-26,0.0
1291,Upper East,274.0,239.0,33.0,2020-06-26,0.0
1292,Upper West,35.0,35.0,0.0,2020-06-26,0.0
1294,Western,1431.0,1353.0,77.0,2020-06-26,0.0
1295,Western North,94.0,65.0,29.0,2020-06-26,0.0
1287,Northern,120.0,63.0,53.0,2020-06-26,0.0
1269,Eastern,601.0,360.0,237.0,2020-06-27,0.0
1265,Ashanti,3475.0,2105.0,1328.0,2020-06-27,5.0
1264,Ahafo,8.0,6.0,2.0,2020-06-27,0.0
1266,Bono,18.0,2.0,16.0,2020-06-27,1.0
1267,Bono East,52.0,24.0,28.0,2020-06-27,0.0
1268,Central,972.0,765.0,203.0,2020-06-27,1.0
1270,Greater Accra,9641.0,7492.0,2096.0,2020-06-27,36.0
1277,Volta,337.0,310.0,26.0,2020-06-27,0.0
1272,Northern East,6.0,2.0,3.0,2020-06-27,0.0
1271,Northern,120.0,63.0,53.0,2020-06-27,0.0
1278,Western,1556.0,1358.0,197.0,2020-06-27,0.0
1276,Upper West,40.0,35.0,5.0,2020-06-27,3.0
1279,Western North,102.0,68.0,34.0,2020-06-27,0.0
1274,Savannah,39.0,37.0,2.0,2020-06-27,0.0
1275,Upper East,274.0,271.0,1.0,2020-06-27,0.0
1273,Oti,110.0,96.0,14.0,2020-06-27,0.0
1248,Ahafo,8.0,6.0,2.0,2020-06-29,0.0
1249,Ashanti,3676.0,2221.0,1408.0,2020-06-29,3.0
1250,Bono,18.0,5.0,13.0,2020-06-29,0.0
1251,Bono East,89.0,28.0,61.0,2020-06-29,0.0
1252,Central,973.0,768.0,201.0,2020-06-29,0.0
1254,Greater Accra,10087.0,7728.0,2306.0,2020-06-29,0.0
1253,Eastern,668.0,438.0,226.0,2020-06-29,72.0
1257,Oti,112.0,98.0,14.0,2020-06-29,0.0
1258,Savannah,42.0,38.0,4.0,2020-06-29,0.0
1259,Upper East,274.0,271.0,1.0,2020-06-29,0.0
1260,Upper West,40.0,40.0,0.0,2020-06-29,0.0
1261,Volta,346.0,312.0,33.0,2020-06-29,0.0
1262,Western,1556.0,1450.0,105.0,2020-06-29,0.0
1263,Western North,102.0,82.0,20.0,2020-06-29,0.0
1256,Northern East,6.0,2.0,3.0,2020-06-29,0.0
1255,Northern,137.0,63.0,70.0,2020-06-29,0.0
1238,Greater Accra,10637.0,8192.0,2389.0,2020-07-01,0.0
1232,Ahafo,26.0,7.0,19.0,2020-07-01,2.0
1233,Ashanti,4099.0,2370.0,1685.0,2020-07-01,0.0
1234,Bono,18.0,15.0,3.0,2020-07-01,0.0
1235,Bono East,136.0,46.0,90.0,2020-07-01,6.0
1236,Central,983.0,768.0,211.0,2020-07-01,4.0
1237,Eastern,716.0,518.0,194.0,2020-07-01,113.0
1239,Northern,137.0,74.0,59.0,2020-07-01,0.0
1241,Oti,112.0,98.0,14.0,2020-07-01,0.0
1242,Savannah,42.0,38.0,4.0,2020-07-01,0.0
1243,Upper East,274.0,271.0,1.0,2020-07-01,0.0
1244,Upper West,55.0,54.0,1.0,2020-07-01,0.0
1245,Volta,358.0,322.0,35.0,2020-07-01,0.0
1246,Western,1662.0,1473.0,188.0,2020-07-01,0.0
1247,Western North,127.0,82.0,45.0,2020-07-01,0.0
1240,Northern East,6.0,2.0,3.0,2020-07-01,0.0
1216,Ahafo,26.0,7.0,19.0,2020-07-02,0.0
1217,Ashanti,4244.0,2504.0,1691.0,2020-07-02,16.0
1218,Bono,38.0,15.0,23.0,2020-07-02,0.0
1219,Bono East,136.0,51.0,85.0,2020-07-02,0.0
1220,Central,983.0,768.0,211.0,2020-07-02,0.0
1221,Eastern,798.0,540.0,254.0,2020-07-02,9.0
1222,Greater Accra,10979.0,8422.0,2501.0,2020-07-02,148.0
1223,Northern,137.0,120.0,13.0,2020-07-02,0.0
1224,Northern East,8.0,2.0,5.0,2020-07-02,0.0
1225,Oti,112.0,98.0,14.0,2020-07-02,0.0
1226,Savannah,46.0,38.0,8.0,2020-07-02,0.0
1227,Upper East,278.0,275.0,1.0,2020-07-02,0.0
1228,Upper West,55.0,54.0,1.0,2020-07-02,0.0
1229,Volta,362.0,325.0,36.0,2020-07-02,0.0
1230,Western,1729.0,1569.0,159.0,2020-07-02,3.0
1231,Western North,154.0,82.0,72.0,2020-07-02,0.0
1200,Ahafo,26.0,8.0,18.0,2020-07-03,0.0
1201,Ashanti,4534.0,2643.0,1842.0,2020-07-03,2.0
1202,Bono,38.0,30.0,8.0,2020-07-03,0.0
1203,Bono East,139.0,121.0,18.0,2020-07-03,0.0
1204,Central,992.0,768.0,220.0,2020-07-03,20.0
1205,Eastern,835.0,624.0,207.0,2020-07-03,55.0
1206,Greater Accra,11508.0,9212.0,2233.0,2020-07-03,137.0
1215,Western North,154.0,82.0,72.0,2020-07-03,0.0
1208,Northern East,8.0,2.0,5.0,2020-07-03,0.0
1209,Oti,112.0,98.0,14.0,2020-07-03,0.0
1210,Savannah,46.0,38.0,8.0,2020-07-03,0.0
1211,Upper East,278.0,275.0,1.0,2020-07-03,0.0
1212,Upper West,55.0,54.0,1.0,2020-07-03,0.0
1213,Volta,369.0,325.0,43.0,2020-07-03,1.0
1214,Western,1846.0,1670.0,175.0,2020-07-03,1.0
1207,Northern,137.0,120.0,13.0,2020-07-03,19.0
1189,Eastern,853.0,634.0,215.0,2020-07-04,0.0
1184,Ahafo,26.0,8.0,18.0,2020-07-04,0.0
1185,Ashanti,4627.0,3523.0,1055.0,2020-07-04,0.0
1186,Bono,87.0,30.0,57.0,2020-07-04,0.0
1187,Bono East,140.0,130.0,10.0,2020-07-04,0.0
1188,Central,1017.0,768.0,243.0,2020-07-04,0.0
1190,Greater Accra,12087.0,9279.0,2747.0,2020-07-04,0.0
1191,Northern,163.0,120.0,39.0,2020-07-04,0.0
1192,Northern East,8.0,2.0,5.0,2020-07-04,0.0
1193,Oti,114.0,102.0,12.0,2020-07-04,0.0
1194,Savannah,50.0,39.0,11.0,2020-07-04,0.0
1195,Upper East,278.0,275.0,1.0,2020-07-04,0.0
1196,Upper West,58.0,55.0,3.0,2020-07-04,0.0
1197,Volta,370.0,325.0,44.0,2020-07-04,0.0
1198,Western,1932.0,1784.0,147.0,2020-07-04,0.0
1199,Western North,158.0,82.0,76.0,2020-07-04,0.0
1168,Ahafo,36.0,8.0,28.0,2020-07-05,0.0
1169,Ashanti,4824.0,3641.0,1134.0,2020-07-05,11.0
1170,Bono,96.0,34.0,62.0,2020-07-05,0.0
1171,Bono East,142.0,141.0,1.0,2020-07-05,0.0
1172,Central,1064.0,835.0,223.0,2020-07-05,0.0
1173,Eastern,855.0,664.0,187.0,2020-07-05,0.0
1174,Greater Accra,12560.0,9350.0,3149.0,2020-07-05,52.0
1175,Northern,163.0,120.0,39.0,2020-07-05,0.0
1176,Northern East,9.0,7.0,1.0,2020-07-05,0.0
1177,Oti,114.0,102.0,12.0,2020-07-05,0.0
1178,Savannah,50.0,39.0,11.0,2020-07-05,0.0
1179,Upper East,278.0,275.0,1.0,2020-07-05,0.0
1180,Upper West,58.0,58.0,0.0,2020-07-05,0.0
1181,Volta,370.0,325.0,44.0,2020-07-05,1.0
1182,Western,2045.0,1883.0,161.0,2020-07-05,0.0
1183,Western North,158.0,82.0,76.0,2020-07-05,0.0
1152,Ahafo,36.0,11.0,25.0,2020-07-06,0.0
1153,Ashanti,4972.0,4011.0,912.0,2020-07-06,6.0
1154,Bono,96.0,34.0,62.0,2020-07-06,0.0
1155,Bono East,142.0,142.0,0.0,2020-07-06,8.0
1156,Central,1071.0,835.0,230.0,2020-07-06,0.0
1157,Eastern,907.0,749.0,154.0,2020-07-06,21.0
1158,Greater Accra,12948.0,9875.0,3012.0,2020-07-06,20.0
1167,Western North,158.0,82.0,76.0,2020-07-06,0.0
1160,Northern East,9.0,7.0,1.0,2020-07-06,0.0
1161,Oti,114.0,102.0,12.0,2020-07-06,0.0
1162,Savannah,50.0,39.0,11.0,2020-07-06,0.0
1163,Upper East,278.0,275.0,1.0,2020-07-06,0.0
1164,Upper West,70.0,58.0,12.0,2020-07-06,0.0
1165,Volta,375.0,330.0,44.0,2020-07-06,0.0
1166,Western,2051.0,1913.0,137.0,2020-07-06,0.0
1159,Northern,186.0,159.0,23.0,2020-07-06,0.0
1141,Eastern,911.0,796.0,111.0,2020-07-07,0.0
1136,Ahafo,36.0,11.0,25.0,2020-07-07,1.0
1137,Ashanti,5078.0,4138.0,891.0,2020-07-07,0.0
1138,Bono,96.0,79.0,17.0,2020-07-07,0.0
1139,Bono East,142.0,142.0,0.0,2020-07-07,2.0
1140,Central,1076.0,835.0,233.0,2020-07-07,5.0
1142,Greater Accra,13194.0,10228.0,2905.0,2020-07-07,30.0
1151,Western North,158.0,82.0,76.0,2020-07-07,0.0
1144,Northern East,9.0,7.0,1.0,2020-07-07,0.0
1145,Oti,115.0,102.0,12.0,2020-07-07,0.0
1146,Savannah,51.0,40.0,11.0,2020-07-07,0.0
1147,Upper East,282.0,275.0,5.0,2020-07-07,0.0
1148,Upper West,70.0,58.0,12.0,2020-07-07,0.0
1149,Volta,378.0,344.0,33.0,2020-07-07,2.0
1150,Western,2052.0,1913.0,138.0,2020-07-07,1.0
1143,Northern,186.0,162.0,17.0,2020-07-07,0.0
1120,Ahafo,66.0,11.0,55.0,2020-07-08,17.0
1121,Ashanti,5150.0,4332.0,769.0,2020-07-08,3.0
1122,Bono,107.0,79.0,28.0,2020-07-08,0.0
1123,Bono East,201.0,161.0,40.0,2020-07-08,6.0
1124,Central,1110.0,835.0,267.0,2020-07-08,2.0
1125,Eastern,911.0,808.0,99.0,2020-07-08,0.0
1126,Greater Accra,13302.0,10497.0,2744.0,2020-07-08,123.0
1127,Northern,186.0,162.0,18.0,2020-07-08,0.0
1128,Northern East,9.0,7.0,1.0,2020-07-08,0.0
1129,Oti,115.0,102.0,12.0,2020-07-08,3.0
1130,Savannah,51.0,48.0,3.0,2020-07-08,0.0
1131,Upper East,282.0,275.0,5.0,2020-07-08,0.0
1132,Upper West,70.0,70.0,0.0,2020-07-08,0.0
1133,Volta,387.0,348.0,38.0,2020-07-08,2.0
1134,Western,2128.0,1956.0,170.0,2020-07-08,1.0
1135,Western North,173.0,140.0,33.0,2020-07-08,0.0
1104,Ahafo,98.0,11.0,87.0,2020-07-09,0.0
1105,Ashanti,5254.0,4489.0,716.0,2020-07-09,25.0
1106,Bono,107.0,89.0,18.0,2020-07-09,0.0
1107,Bono East,205.0,196.0,9.0,2020-07-09,0.0
1108,Central,1110.0,835.0,265.0,2020-07-09,0.0
1109,Eastern,931.0,820.0,107.0,2020-07-09,0.0
1110,Greater Accra,13404.0,10584.0,2759.0,2020-07-09,133.0
1119,Western North,173.0,140.0,33.0,2020-07-09,0.0
1112,Northern East,9.0,7.0,1.0,2020-07-09,0.0
1113,Oti,120.0,102.0,17.0,2020-07-09,0.0
1114,Savannah,51.0,48.0,3.0,2020-07-09,0.0
1115,Upper East,282.0,275.0,4.0,2020-07-09,0.0
1116,Upper West,70.0,70.0,0.0,2020-07-09,0.0
1117,Volta,390.0,350.0,39.0,2020-07-09,0.0
1118,Western,2128.0,2009.0,117.0,2020-07-09,4.0
1111,Northern,186.0,162.0,17.0,2020-07-09,0.0
1093,Eastern,948.0,830.0,114.0,2020-07-10,0.0
1088,Ahafo,98.0,11.0,87.0,2020-07-10,6.0
1089,Ashanti,5259.0,4786.0,424.0,2020-07-10,0.0
1090,Bono,107.0,96.0,11.0,2020-07-10,0.0
1091,Bono East,205.0,198.0,7.0,2020-07-10,4.0
1092,Central,1110.0,866.0,234.0,2020-07-10,5.0
1094,Greater Accra,13690.0,11093.0,2536.0,2020-07-10,73.0
1103,Western North,200.0,140.0,60.0,2020-07-10,0.0
1096,Northern East,9.0,7.0,1.0,2020-07-10,0.0
1097,Oti,128.0,102.0,25.0,2020-07-10,0.0
1098,Savannah,57.0,48.0,9.0,2020-07-10,0.0
1099,Upper East,282.0,275.0,4.0,2020-07-10,0.0
1100,Upper West,70.0,70.0,0.0,2020-07-10,2.0
1101,Volta,418.0,350.0,67.0,2020-07-10,3.0
1102,Western,2140.0,2025.0,113.0,2020-07-10,0.0
1095,Northern,267.0,170.0,90.0,2020-07-10,0.0
1072,Ahafo,98.0,14.0,84.0,2020-07-11,3.0
1073,Ashanti,5277.0,4819.0,409.0,2020-07-11,11.0
1074,Bono,107.0,96.0,11.0,2020-07-11,0.0
1075,Bono East,205.0,198.0,7.0,2020-07-11,8.0
1076,Central,1110.0,866.0,234.0,2020-07-11,8.0
1077,Eastern,960.0,830.0,126.0,2020-07-11,4.0
1078,Greater Accra,13869.0,11327.0,2481.0,2020-07-11,42.0
1079,Northern,267.0,170.0,90.0,2020-07-11,1.0
1081,Oti,133.0,102.0,30.0,2020-07-11,0.0
1082,Savannah,57.0,48.0,9.0,2020-07-11,2.0
1083,Upper East,282.0,279.0,0.0,2020-07-11,0.0
1084,Upper West,70.0,70.0,0.0,2020-07-11,0.0
1085,Volta,419.0,350.0,68.0,2020-07-11,0.0
1086,Western,2189.0,2068.0,119.0,2020-07-11,3.0
1087,Western North,200.0,153.0,47.0,2020-07-11,0.0
1080,Northern East,9.0,7.0,1.0,2020-07-11,5.0
1056,Ahafo,103.0,23.0,80.0,2020-07-12,3.0
1057,Ashanti,5277.0,4872.0,356.0,2020-07-12,27.0
1058,Bono,107.0,98.0,9.0,2020-07-12,31.0
1059,Bono East,206.0,198.0,8.0,2020-07-12,0.0
1060,Central,1131.0,866.0,255.0,2020-07-12,1.0
1061,Eastern,962.0,851.0,107.0,2020-07-12,5.0
1063,Northern,271.0,170.0,94.0,2020-07-12,65.0
1062,Greater Accra,13986.0,11327.0,2598.0,2020-07-12,0.0
1065,Oti,138.0,102.0,35.0,2020-07-12,31.0
1064,Northern East,9.0,7.0,1.0,2020-07-12,2.0
1071,Western North,200.0,153.0,47.0,2020-07-12,0.0
1070,Western,2190.0,2088.0,100.0,2020-07-12,0.0
1067,Upper East,282.0,279.0,0.0,2020-07-12,0.0
1068,Upper West,70.0,70.0,0.0,2020-07-12,0.0
1069,Volta,441.0,357.0,83.0,2020-07-12,4.0
1066,Savannah,57.0,50.0,7.0,2020-07-12,0.0
1054,Western,2206.0,2170.0,34.0,2020-07-13,0.0
1055,Western North,216.0,153.0,63.0,2020-07-13,5.0
1040,Ahafo,103.0,23.0,80.0,2020-07-13,0.0
1041,Ashanti,5482.0,4959.0,474.0,2020-07-13,6.0
1042,Bono,107.0,102.0,5.0,2020-07-13,0.0
1044,Central,1131.0,866.0,255.0,2020-07-13,3.0
1045,Eastern,998.0,893.0,101.0,2020-07-13,83.0
1046,Greater Accra,14391.0,11870.0,2460.0,2020-07-13,0.0
1043,Bono East,206.0,198.0,8.0,2020-07-13,0.0
1048,Northern East,9.0,7.0,1.0,2020-07-13,0.0
1049,Oti,138.0,102.0,35.0,2020-07-13,0.0
1050,Savannah,57.0,51.0,6.0,2020-07-13,0.0
1051,Upper East,282.0,279.0,0.0,2020-07-13,0.0
1052,Upper West,71.0,70.0,0.0,2020-07-13,0.0
1053,Volta,457.0,357.0,99.0,2020-07-13,1.0
1047,Northern,271.0,170.0,94.0,2020-07-13,10.0
1029,Eastern,1012.0,902.0,108.0,2020-07-14,0.0
1024,Ahafo,103.0,27.0,76.0,2020-07-14,8.0
1025,Ashanti,5607.0,4994.0,555.0,2020-07-14,0.0
1026,Bono,107.0,102.0,5.0,2020-07-14,0.0
1027,Bono East,206.0,198.0,8.0,2020-07-14,4.0
1028,Central,1140.0,866.0,264.0,2020-07-14,11.0
1030,Greater Accra,14674.0,12360.0,2253.0,2020-07-14,49.0
1035,Upper East,282.0,279.0,0.0,2020-07-14,0.0
1032,Northern East,9.0,7.0,1.0,2020-07-14,0.0
1033,Oti,139.0,102.0,36.0,2020-07-14,0.0
1034,Savannah,57.0,51.0,6.0,2020-07-14,0.0
1036,Upper West,71.0,70.0,0.0,2020-07-14,0.0
1037,Volta,460.0,363.0,96.0,2020-07-14,0.0
1038,Western,2218.0,2178.0,38.0,2020-07-14,0.0
1039,Western North,216.0,185.0,31.0,2020-07-14,0.0
1031,Northern,271.0,231.0,35.0,2020-07-14,0.0
1014,Greater Accra,14923.0,12360.0,2502.0,2020-07-15,5.0
1008,Ahafo,103.0,27.0,76.0,2020-07-15,10.0
1009,Ashanti,5642.0,5056.0,528.0,2020-07-15,0.0
1010,Bono,166.0,102.0,64.0,2020-07-15,0.0
1012,Central,1140.0,866.0,264.0,2020-07-15,-24.0
1013,Eastern,1030.0,915.0,113.0,2020-07-15,11.0
1015,Northern,271.0,231.0,35.0,2020-07-15,18.0
1011,Bono East,294.0,243.0,51.0,2020-07-15,0.0
1017,Oti,143.0,102.0,40.0,2020-07-15,0.0
1018,Savannah,57.0,51.0,6.0,2020-07-15,1.0
1019,Upper East,282.0,279.0,0.0,2020-07-15,0.0
1023,Western North,216.0,185.0,31.0,2020-07-15,0.0
1020,Upper West,74.0,70.0,3.0,2020-07-15,0.0
1021,Volta,492.0,367.0,124.0,2020-07-15,0.0
1022,Western,2218.0,2183.0,33.0,2020-07-15,1.0
1016,Northern East,9.0,7.0,1.0,2020-07-15,0.0
992,Ahafo,103.0,28.0,75.0,2020-07-16,0.0
993,Ashanti,5841.0,5056.0,727.0,2020-07-16,13.0
994,Bono,266.0,189.0,77.0,2020-07-16,0.0
995,Bono East,294.0,281.0,10.0,2020-07-16,0.0
996,Central,1140.0,866.0,264.0,2020-07-16,32.0
997,Eastern,1077.0,915.0,160.0,2020-07-16,31.0
998,Greater Accra,15136.0,12416.0,2659.0,2020-07-16,43.0
999,Northern,271.0,231.0,35.0,2020-07-16,0.0
1000,Northern East,9.0,7.0,1.0,2020-07-16,0.0
1001,Oti,146.0,109.0,36.0,2020-07-16,0.0
1002,Savannah,57.0,56.0,1.0,2020-07-16,0.0
1003,Upper East,282.0,279.0,0.0,2020-07-16,0.0
1004,Upper West,74.0,73.0,0.0,2020-07-16,0.0
1005,Volta,502.0,375.0,126.0,2020-07-16,0.0
1006,Western,2253.0,2183.0,68.0,2020-07-16,0.0
1007,Western North,216.0,185.0,31.0,2020-07-16,6.0
976,Ahafo,116.0,44.0,72.0,2020-07-17,6.0
977,Ashanti,6151.0,5590.0,502.0,2020-07-17,32.0
978,Bono,421.0,252.0,169.0,2020-07-17,0.0
979,Bono East,294.0,291.0,0.0,2020-07-17,3.0
980,Central,1155.0,1141.0,4.0,2020-07-17,0.0
981,Eastern,1087.0,964.0,119.0,2020-07-17,0.0
982,Greater Accra,15328.0,13090.0,2175.0,2020-07-17,60.0
991,Western North,216.0,216.0,0.0,2020-07-17,0.0
984,Northern East,9.0,7.0,1.0,2020-07-17,0.0
985,Oti,147.0,109.0,37.0,2020-07-17,0.0
986,Savannah,57.0,56.0,1.0,2020-07-17,0.0
987,Upper East,282.0,279.0,0.0,2020-07-17,0.0
988,Upper West,75.0,73.0,1.0,2020-07-17,0.0
989,Volta,511.0,375.0,135.0,2020-07-17,2.0
990,Western,2310.0,2183.0,125.0,2020-07-17,14.0
983,Northern,271.0,231.0,35.0,2020-07-17,0.0
960,Ahafo,116.0,44.0,72.0,2020-07-18,0.0
961,Ashanti,6264.0,5636.0,569.0,2020-07-18,25.0
962,Bono,421.0,298.0,123.0,2020-07-18,0.0
965,Eastern,1091.0,987.0,100.0,2020-07-18,16.0
963,Bono East,383.0,304.0,76.0,2020-07-18,12.0
964,Central,1236.0,1141.0,85.0,2020-07-18,67.0
966,Greater Accra,15519.0,13297.0,2159.0,2020-07-18,57.0
972,Upper West,75.0,73.0,1.0,2020-07-18,0.0
968,Northern East,9.0,7.0,1.0,2020-07-18,0.0
967,Northern,271.0,240.0,26.0,2020-07-18,0.0
975,Western North,283.0,276.0,7.0,2020-07-18,0.0
974,Western,2310.0,2193.0,115.0,2020-07-18,0.0
973,Volta,522.0,389.0,132.0,2020-07-18,0.0
971,Upper East,282.0,279.0,0.0,2020-07-18,3.0
970,Savannah,57.0,56.0,1.0,2020-07-18,0.0
969,Oti,150.0,111.0,38.0,2020-07-18,0.0
944,Ahafo,116.0,52.0,64.0,2020-07-19,0.0
945,Ashanti,6637.0,5911.0,667.0,2020-07-19,11.0
946,Bono,421.0,347.0,74.0,2020-07-19,0.0
947,Bono East,383.0,308.0,72.0,2020-07-19,0.0
948,Central,1236.0,1141.0,85.0,2020-07-19,1.0
950,Greater Accra,15706.0,13699.0,1944.0,2020-07-19,0.0
951,Northern,302.0,240.0,57.0,2020-07-19,46.0
949,Eastern,1120.0,997.0,119.0,2020-07-19,0.0
953,Oti,154.0,111.0,42.0,2020-07-19,0.0
954,Savannah,57.0,56.0,1.0,2020-07-19,0.0
955,Upper East,282.0,279.0,0.0,2020-07-19,0.0
956,Upper West,75.0,73.0,1.0,2020-07-19,0.0
957,Volta,538.0,389.0,148.0,2020-07-19,0.0
958,Western,2350.0,2204.0,144.0,2020-07-19,5.0
959,Western North,286.0,276.0,10.0,2020-07-19,2.0
952,Northern East,9.0,7.0,1.0,2020-07-19,0.0
934,Greater Accra,15863.0,14020.0,1780.0,2020-07-20,0.0
929,Ashanti,7026.0,6111.0,856.0,2020-07-20,45.0
930,Bono,421.0,361.0,60.0,2020-07-20,0.0
931,Bono East,413.0,334.0,76.0,2020-07-20,0.0
932,Central,1269.0,1141.0,118.0,2020-07-20,0.0
933,Eastern,1164.0,997.0,163.0,2020-07-20,48.0
935,Northern,302.0,240.0,57.0,2020-07-20,76.0
928,Ahafo,116.0,52.0,64.0,2020-07-20,0.0
937,Oti,172.0,116.0,55.0,2020-07-20,8.0
938,Savannah,57.0,56.0,1.0,2020-07-20,0.0
939,Upper East,282.0,279.0,0.0,2020-07-20,0.0
940,Upper West,75.0,73.0,1.0,2020-07-20,0.0
941,Volta,538.0,394.0,143.0,2020-07-20,0.0
942,Western,2361.0,2213.0,146.0,2020-07-20,0.0
943,Western North,298.0,293.0,5.0,2020-07-20,7.0
936,Northern East,9.0,7.0,1.0,2020-07-20,0.0
913,Ashanti,7267.0,6737.0,468.0,2020-07-21,0.0
914,Bono,421.0,417.0,4.0,2020-07-21,0.0
915,Bono East,413.0,357.0,53.0,2020-07-21,0.0
916,Central,1328.0,1141.0,177.0,2020-07-21,0.0
917,Eastern,1214.0,1095.0,113.0,2020-07-21,7.0
918,Greater Accra,16068.0,14280.0,1722.0,2020-07-21,0.0
919,Northern,302.0,265.0,32.0,2020-07-21,76.0
912,Ahafo,116.0,53.0,63.0,2020-07-21,0.0
921,Oti,172.0,126.0,45.0,2020-07-21,0.0
920,Northern East,9.0,7.0,1.0,2020-07-21,0.0
927,Western North,298.0,293.0,5.0,2020-07-21,0.0
926,Western,2467.0,2216.0,249.0,2020-07-21,0.0
925,Volta,568.0,406.0,161.0,2020-07-21,0.0
924,Upper West,75.0,73.0,1.0,2020-07-21,0.0
923,Upper East,282.0,279.0,0.0,2020-07-21,0.0
922,Savannah,57.0,56.0,1.0,2020-07-21,0.0
896,Ahafo,116.0,53.0,63.0,2020-07-22,5.0
897,Ashanti,7646.0,6961.0,623.0,2020-07-22,81.0
898,Bono,430.0,418.0,12.0,2020-07-22,0.0
899,Bono East,426.0,365.0,58.0,2020-07-22,10.0
900,Central,1333.0,1157.0,166.0,2020-07-22,28.0
902,Greater Accra,16426.0,14587.0,1773.0,2020-07-22,12.0
903,Northern,302.0,265.0,32.0,2020-07-22,157.0
901,Eastern,1214.0,1132.0,76.0,2020-07-22,0.0
906,Savannah,57.0,56.0,1.0,2020-07-22,0.0
907,Upper East,282.0,279.0,0.0,2020-07-22,0.0
908,Upper West,75.0,73.0,1.0,2020-07-22,0.0
909,Volta,573.0,409.0,163.0,2020-07-22,0.0
910,Western,2492.0,2254.0,236.0,2020-07-22,0.0
911,Western North,298.0,293.0,5.0,2020-07-22,4.0
905,Oti,172.0,129.0,42.0,2020-07-22,25.0
904,Northern East,9.0,7.0,1.0,2020-07-22,18.0
886,Greater Accra,16716.0,14848.0,1802.0,2020-07-23,16.0
881,Ashanti,7866.0,7068.0,736.0,2020-07-23,9.0
882,Bono,426.0,418.0,8.0,2020-07-23,0.0
883,Bono East,434.0,375.0,56.0,2020-07-23,4.0
880,Ahafo,121.0,53.0,68.0,2020-07-23,17.0
885,Eastern,1214.0,1153.0,55.0,2020-07-23,9.0
884,Central,1349.0,1157.0,182.0,2020-07-23,50.0
889,Oti,172.0,129.0,42.0,2020-07-23,0.0
888,Northern East,9.0,7.0,1.0,2020-07-23,0.0
895,Western North,298.0,293.0,5.0,2020-07-23,14.0
894,Western,2539.0,2286.0,251.0,2020-07-23,0.0
887,Northern,302.0,295.0,2.0,2020-07-23,0.0
892,Upper West,75.0,73.0,1.0,2020-07-23,0.0
891,Upper East,282.0,279.0,0.0,2020-07-23,2.0
893,Volta,577.0,437.0,139.0,2020-07-23,0.0
890,Savannah,57.0,56.0,1.0,2020-07-23,0.0
864,Ahafo,121.0,53.0,68.0,2020-07-25,0.0
865,Ashanti,8229.0,7224.0,938.0,2020-07-25,72.0
866,Bono,426.0,418.0,8.0,2020-07-25,12.0
867,Bono East,436.0,379.0,54.0,2020-07-25,0.0
868,Central,1362.0,1261.0,91.0,2020-07-25,30.0
870,Greater Accra,17383.0,15284.0,2031.0,2020-07-25,23.0
871,Northern,308.0,295.0,8.0,2020-07-25,148.0
869,Eastern,1244.0,1159.0,79.0,2020-07-25,9.0
873,Oti,174.0,132.0,41.0,2020-07-25,17.0
874,Savannah,57.0,56.0,1.0,2020-07-25,2.0
875,Upper East,282.0,279.0,0.0,2020-07-25,0.0
876,Upper West,79.0,73.0,5.0,2020-07-25,0.0
877,Volta,588.0,476.0,111.0,2020-07-25,0.0
878,Western,2563.0,2346.0,215.0,2020-07-25,9.0
879,Western North,363.0,358.0,5.0,2020-07-25,0.0
872,Northern East,9.0,8.0,0.0,2020-07-25,0.0
853,Eastern,1244.0,1189.0,49.0,2020-07-26,0.0
848,Ahafo,121.0,54.0,67.0,2020-07-26,12.0
849,Ashanti,8548.0,8001.0,480.0,2020-07-26,0.0
850,Bono,431.0,418.0,13.0,2020-07-26,13.0
851,Bono East,457.0,387.0,67.0,2020-07-26,0.0
852,Central,1362.0,1261.0,91.0,2020-07-26,41.0
854,Greater Accra,17811.0,15284.0,2459.0,2020-07-26,44.0
861,Volta,588.0,476.0,111.0,2020-07-26,0.0
856,Northern East,9.0,8.0,0.0,2020-07-26,0.0
857,Oti,175.0,136.0,38.0,2020-07-26,0.0
858,Savannah,57.0,56.0,1.0,2020-07-26,0.0
859,Upper East,282.0,279.0,0.0,2020-07-26,0.0
860,Upper West,79.0,73.0,5.0,2020-07-26,0.0
862,Western,2570.0,2346.0,222.0,2020-07-26,1.0
863,Western North,363.0,358.0,5.0,2020-07-26,36.0
855,Northern,309.0,295.0,9.0,2020-07-26,0.0
838,Greater Accra,18205.0,15867.0,2268.0,2020-07-27,0.0
832,Ahafo,145.0,54.0,91.0,2020-07-27,45.0
833,Ashanti,8748.0,8027.0,649.0,2020-07-27,29.0
834,Bono,431.0,421.0,10.0,2020-07-27,0.0
835,Bono East,483.0,387.0,93.0,2020-07-27,3.0
836,Central,1366.0,1227.0,129.0,2020-07-27,11.0
839,Northern East,9.0,8.0,0.0,2020-07-27,105.0
837,Eastern,1304.0,1272.0,26.0,2020-07-27,0.0
841,Oti,192.0,139.0,52.0,2020-07-27,18.0
847,Western North,363.0,358.0,5.0,2020-07-27,0.0
842,Savannah,57.0,56.0,1.0,2020-07-27,0.0
843,Upper East,282.0,279.0,0.0,2020-07-27,0.0
844,Upper West,79.0,74.0,4.0,2020-07-27,0.0
845,Volta,593.0,476.0,116.0,2020-07-27,2.0
846,Western,2576.0,2346.0,228.0,2020-07-27,3.0
840,Northern,309.0,295.0,9.0,2020-07-27,0.0
816,Ahafo,164.0,70.0,94.0,2020-07-28,0.0
817,Ashanti,8770.0,8175.0,518.0,2020-07-28,23.0
818,Bono,439.0,421.0,18.0,2020-07-28,0.0
819,Bono East,483.0,387.0,93.0,2020-07-28,3.0
820,Central,1430.0,1227.0,193.0,2020-07-28,0.0
821,Eastern,1416.0,1361.0,49.0,2020-07-28,22.0
822,Greater Accra,18273.0,16301.0,1900.0,2020-07-28,41.0
823,Northern East,9.0,8.0,0.0,2020-07-28,0.0
824,Northern,354.0,342.0,7.0,2020-07-28,0.0
825,Oti,192.0,139.0,52.0,2020-07-28,0.0
826,Savannah,62.0,61.0,1.0,2020-07-28,0.0
827,Upper East,282.0,279.0,0.0,2020-07-28,0.0
828,Upper West,88.0,74.0,13.0,2020-07-28,0.0
829,Volta,593.0,476.0,116.0,2020-07-28,2.0
830,Western,2583.0,2417.0,164.0,2020-07-28,31.0
831,Western North,363.0,358.0,5.0,2020-07-28,0.0
800,Ahafo,164.0,106.0,58.0,2020-07-29,6.0
801,Ashanti,9060.0,8259.0,724.0,2020-07-29,15.0
802,Bono,439.0,439.0,0.0,2020-07-29,0.0
803,Bono East,499.0,461.0,35.0,2020-07-29,11.0
804,Central,1493.0,1227.0,256.0,2020-07-29,2.0
805,Eastern,1446.0,1365.0,75.0,2020-07-29,19.0
806,Greater Accra,18490.0,16624.0,1794.0,2020-07-29,75.0
815,Western North,393.0,389.0,4.0,2020-07-29,0.0
808,Northern,354.0,342.0,7.0,2020-07-29,0.0
809,Oti,192.0,156.0,35.0,2020-07-29,2.0
810,Savannah,62.0,61.0,1.0,2020-07-29,0.0
811,Upper East,282.0,279.0,0.0,2020-07-29,0.0
812,Upper West,88.0,74.0,13.0,2020-07-29,0.0
813,Volta,599.0,511.0,87.0,2020-07-29,0.0
814,Western,2657.0,2524.0,131.0,2020-07-29,11.0
807,Northern East,9.0,8.0,0.0,2020-07-29,12.0
789,Eastern,1457.0,1406.0,45.0,2020-07-30,0.0
785,Ashanti,9328.0,8399.0,852.0,2020-07-30,14.0
784,Ahafo,232.0,140.0,92.0,2020-07-30,0.0
786,Bono,439.0,429.0,10.0,2020-07-30,0.0
787,Bono East,511.0,480.0,28.0,2020-07-30,14.0
788,Central,1493.0,1308.0,175.0,2020-07-30,34.0
790,Greater Accra,18882.0,16832.0,1978.0,2020-07-30,98.0
797,Volta,605.0,511.0,93.0,2020-07-30,0.0
792,Northern,354.0,344.0,5.0,2020-07-30,0.0
791,Northern East,9.0,8.0,0.0,2020-07-30,7.0
798,Western,2687.0,2544.0,141.0,2020-07-30,0.0
796,Upper West,88.0,79.0,8.0,2020-07-30,0.0
799,Western North,393.0,389.0,4.0,2020-07-30,0.0
794,Savannah,62.0,61.0,1.0,2020-07-30,1.0
795,Upper East,282.0,279.0,0.0,2020-07-30,0.0
793,Oti,192.0,156.0,35.0,2020-07-30,0.0
768,Ahafo,232.0,175.0,57.0,2020-07-31,35.0
769,Ashanti,9454.0,8599.0,775.0,2020-07-31,51.0
770,Bono,439.0,430.0,9.0,2020-07-31,0.0
771,Bono East,511.0,486.0,22.0,2020-07-31,5.0
772,Central,1553.0,1308.0,235.0,2020-07-31,14.0
774,Greater Accra,19320.0,17357.0,1885.0,2020-07-31,5.0
775,Northern East,9.0,8.0,0.0,2020-07-31,66.0
773,Eastern,1483.0,1470.0,7.0,2020-07-31,0.0
777,Oti,199.0,164.0,34.0,2020-07-31,0.0
778,Savannah,62.0,61.0,1.0,2020-07-31,0.0
779,Upper East,282.0,279.0,0.0,2020-07-31,0.0
780,Upper West,88.0,79.0,8.0,2020-07-31,0.0
781,Volta,609.0,530.0,78.0,2020-07-31,0.0
782,Western,2697.0,2371.0,124.0,2020-07-31,2.0
783,Western North,520.0,449.0,71.0,2020-07-31,14.0
776,Northern,354.0,347.0,2.0,2020-07-31,0.0
757,Eastern,1532.0,1494.0,32.0,2020-08-01,0.0
752,Ahafo,232.0,175.0,57.0,2020-08-01,77.0
753,Ashanti,9523.0,8657.0,786.0,2020-08-01,0.0
754,Bono,439.0,430.0,9.0,2020-08-01,24.0
755,Bono East,528.0,504.0,21.0,2020-08-01,0.0
756,Central,1602.0,1308.0,284.0,2020-08-01,10.0
758,Greater Accra,19782.0,17690.0,2014.0,2020-08-01,94.0
765,Volta,610.0,530.0,79.0,2020-08-01,0.0
760,Northern,354.0,347.0,2.0,2020-08-01,0.0
761,Oti,200.0,164.0,35.0,2020-08-01,0.0
762,Savannah,62.0,61.0,1.0,2020-08-01,0.0
763,Upper East,282.0,279.0,0.0,2020-08-01,0.0
764,Upper West,88.0,85.0,2.0,2020-08-01,0.0
766,Western,2738.0,2601.0,135.0,2020-08-01,1.0
767,Western North,520.0,449.0,71.0,2020-08-01,3.0
759,Northern East,9.0,8.0,0.0,2020-08-01,0.0
741,Eastern,1579.0,1526.0,47.0,2020-08-02,64.0
737,Ashanti,9588.0,881.0,625.0,2020-08-02,154.0
738,Bono,439.0,431.0,8.0,2020-08-02,0.0
736,Ahafo,364.0,175.0,189.0,2020-08-02,24.0
739,Bono East,536.0,518.0,15.0,2020-08-02,52.0
740,Central,1620.0,1321.0,289.0,2020-08-02,77.0
742,Greater Accra,20080.0,18114.0,1888.0,2020-08-02,78.0
748,Upper West,88.0,85.0,0.0,2020-08-02,0.0
744,Northern,354.0,347.0,2.0,2020-08-02,0.0
743,Northern East,9.0,8.0,0.0,2020-08-02,0.0
750,Western,2738.0,2601.0,135.0,2020-08-02,0.0
749,Volta,610.0,557.0,48.0,2020-08-02,0.0
751,Western North,526.0,491.0,35.0,2020-08-02,0.0
746,Savannah,62.0,61.0,1.0,2020-08-02,5.0
747,Upper East,282.0,279.0,0.0,2020-08-02,5.0
745,Oti,200.0,168.0,31.0,2020-08-02,11.0
720,Ahafo,364.0,311.0,53.0,2020-08-03,0.0
721,Ashanti,9747.0,9017.0,648.0,2020-08-03,125.0
722,Bono,439.0,436.0,3.0,2020-08-03,0.0
723,Bono East,536.0,520.0,13.0,2020-08-03,67.0
725,Eastern,1766.0,1543.0,217.0,2020-08-03,0.0
726,Greater Accra,20199.0,18415.0,1706.0,2020-08-03,37.0
724,Central,1622.0,1497.0,115.0,2020-08-03,113.0
729,Oti,203.0,168.0,34.0,2020-08-03,0.0
728,Northern,424.0,358.0,61.0,2020-08-03,30.0
735,Western North,526.0,491.0,35.0,2020-08-03,0.0
734,Western,2761.0,2638.0,121.0,2020-08-03,0.0
727,Northern East,9.0,8.0,0.0,2020-08-03,0.0
732,Upper West,88.0,85.0,0.0,2020-08-03,0.0
731,Upper East,282.0,279.0,0.0,2020-08-03,3.0
730,Savannah,62.0,61.0,1.0,2020-08-03,30.0
733,Volta,614.0,557.0,52.0,2020-08-03,31.0
712,Northern,424.0,358.0,61.0,2020-08-04,0.0
718,Western,2766.0,2644.0,120.0,2020-08-04,225.0
717,Volta,614.0,557.0,52.0,2020-08-04,0.0
716,Upper West,88.0,85.0,0.0,2020-08-04,33.0
715,Upper East,282.0,279.0,0.0,2020-08-04,47.0
714,Savannah,62.0,61.0,1.0,2020-08-04,43.0
713,Oti,204.0,168.0,35.0,2020-08-04,101.0
719,Western North,526.0,491.0,35.0,2020-08-04,0.0
711,Northern East,9.0,8.0,0.0,2020-08-04,0.0
709,Eastern,1809.0,1559.0,242.0,2020-08-04,1.0
708,Central,1669.0,1497.0,162.0,2020-08-04,0.0
707,Bono East,569.0,537.0,29.0,2020-08-04,0.0
706,Bono,439.0,436.0,3.0,2020-08-04,0.0
705,Ashanti,9972.0,9232.0,656.0,2020-08-04,0.0
704,Ahafo,364.0,311.0,53.0,2020-08-04,5.0
710,Greater Accra,20300.0,18415.0,1804.0,2020-08-04,0.0
688,Ahafo,364.0,313.0,51.0,2020-08-05,0.0
689,Ashanti,10097.0,9336.0,677.0,2020-08-05,159.0
690,Bono,439.0,436.0,3.0,2020-08-05,0.0
691,Bono East,636.0,585.0,48.0,2020-08-05,0.0
692,Central,1669.0,1497.0,162.0,2020-08-05,2.0
693,Eastern,1846.0,1661.0,177.0,2020-08-05,187.0
694,Greater Accra,20413.0,19090.0,1242.0,2020-08-05,119.0
695,Northern East,9.0,8.0,0.0,2020-08-05,0.0
696,Northern,454.0,415.0,34.0,2020-08-05,70.0
697,Oti,204.0,182.0,21.0,2020-08-05,3.0
698,Savannah,62.0,61.0,1.0,2020-08-05,0.0
699,Upper East,282.0,279.0,0.0,2020-08-05,0.0
700,Upper West,88.0,85.0,0.0,2020-08-05,0.0
701,Volta,617.0,587.0,25.0,2020-08-05,4.0
702,Western,2796.0,2650.0,144.0,2020-08-05,23.0
703,Western North,557.0,517.0,40.0,2020-08-05,0.0
672,Ahafo,428.0,341.0,87.0,2020-08-06,132.0
673,Ashanti,10251.0,9597.0,568.0,2020-08-06,65.0
674,Bono,439.0,436.0,3.0,2020-08-06,0.0
675,Bono East,660.0,620.0,37.0,2020-08-06,8.0
676,Central,1721.0,1497.0,214.0,2020-08-06,18.0
677,Eastern,1923.0,1692.0,221.0,2020-08-06,47.0
678,Greater Accra,20491.0,19321.0,1087.0,2020-08-06,298.0
687,Western North,568.0,529.0,39.0,2020-08-06,0.0
680,Northern,454.0,415.0,34.0,2020-08-06,0.0
681,Oti,204.0,191.0,12.0,2020-08-06,0.0
682,Savannah,62.0,61.0,0.0,2020-08-06,0.0
683,Upper East,282.0,279.0,0.0,2020-08-06,0.0
684,Upper West,88.0,85.0,0.0,2020-08-06,0.0
685,Volta,622.0,587.0,28.0,2020-08-06,0.0
686,Western,2801.0,2671.0,128.0,2020-08-06,0.0
679,Northern East,9.0,8.0,0.0,2020-08-06,6.0
661,Eastern,1933.0,1708.0,215.0,2020-08-07,0.0
656,Ahafo,428.0,341.0,87.0,2020-08-07,69.0
657,Ashanti,10328.0,9673.0,569.0,2020-08-07,0.0
658,Bono,439.0,436.0,3.0,2020-08-07,17.0
659,Bono East,684.0,647.0,34.0,2020-08-07,49.0
660,Central,1721.0,1497.0,214.0,2020-08-07,49.0
662,Greater Accra,20585.0,19552.0,950.0,2020-08-07,462.0
663,Northern East,9.0,8.0,0.0,2020-08-07,0.0
664,Northern,454.0,415.0,34.0,2020-08-07,0.0
665,Oti,204.0,191.0,12.0,2020-08-07,1.0
666,Savannah,62.0,61.0,0.0,2020-08-07,0.0
667,Upper East,282.0,279.0,0.0,2020-08-07,0.0
668,Upper West,88.0,85.0,0.0,2020-08-07,0.0
669,Volta,623.0,589.0,27.0,2020-08-07,1.0
670,Western,2804.0,2716.0,86.0,2020-08-07,41.0
671,Western North,568.0,529.0,39.0,2020-08-07,0.0
640,Ahafo,463.0,370.0,93.0,2020-08-08,0.0
641,Ashanti,10379.0,9733.0,560.0,2020-08-08,126.0
642,Bono,439.0,436.0,3.0,2020-08-08,0.0
643,Bono East,689.0,648.0,38.0,2020-08-08,0.0
644,Central,1735.0,1497.0,228.0,2020-08-08,60.0
645,Eastern,1938.0,1715.0,213.0,2020-08-08,26.0
646,Greater Accra,20651.0,19772.0,796.0,2020-08-08,438.0
647,Northern East,9.0,8.0,0.0,2020-08-08,0.0
648,Northern,454.0,415.0,34.0,2020-08-08,0.0
649,Oti,204.0,191.0,12.0,2020-08-08,7.0
650,Savannah,62.0,61.0,0.0,2020-08-08,0.0
651,Upper East,282.0,279.0,0.0,2020-08-08,0.0
652,Upper West,88.0,85.0,0.0,2020-08-08,0.0
653,Volta,625.0,599.0,19.0,2020-08-08,4.0
654,Western,2818.0,2717.0,99.0,2020-08-08,10.0
655,Western North,568.0,529.0,39.0,2020-08-08,127.0
624,Ahafo,463.0,436.0,27.0,2020-08-09,68.0
625,Ashanti,10393.0,9769.0,538.0,2020-08-09,268.0
626,Bono,439.0,436.0,3.0,2020-08-09,0.0
627,Bono East,689.0,648.0,38.0,2020-08-09,12.0
628,Central,1749.0,1497.0,242.0,2020-08-09,0.0
629,Eastern,1972.0,1732.0,228.0,2020-08-09,11.0
630,Greater Accra,20749.0,19896.0,766.0,2020-08-09,392.0
639,Western North,568.0,542.0,26.0,2020-08-09,0.0
632,Northern,454.0,415.0,34.0,2020-08-09,0.0
633,Oti,211.0,194.0,16.0,2020-08-09,0.0
634,Savannah,62.0,61.0,0.0,2020-08-09,0.0
635,Upper East,282.0,279.0,0.0,2020-08-09,0.0
636,Upper West,88.0,85.0,0.0,2020-08-09,0.0
637,Volta,626.0,605.0,12.0,2020-08-09,6.0
638,Western,2818.0,2717.0,99.0,2020-08-09,30.0
631,Northern East,9.0,8.0,0.0,2020-08-09,0.0
613,Eastern,1991.0,1756.0,223.0,2020-08-10,0.0
608,Ahafo,469.0,436.0,33.0,2020-08-10,290.0
609,Ashanti,10408.0,9779.0,543.0,2020-08-10,0.0
610,Bono,439.0,438.0,1.0,2020-08-10,16.0
611,Bono East,700.0,654.0,43.0,2020-08-10,63.0
612,Central,1751.0,1497.0,244.0,2020-08-10,30.0
614,Greater Accra,20824.0,20008.0,729.0,2020-08-10,217.0
623,Western North,580.0,542.0,38.0,2020-08-10,0.0
616,Northern,454.0,415.0,34.0,2020-08-10,0.0
617,Oti,213.0,194.0,18.0,2020-08-10,0.0
618,Savannah,62.0,61.0,0.0,2020-08-10,0.0
619,Upper East,282.0,279.0,0.0,2020-08-10,0.0
620,Upper West,88.0,85.0,0.0,2020-08-10,0.0
621,Volta,626.0,605.0,12.0,2020-08-10,6.0
622,Western,2829.0,2738.0,89.0,2020-08-10,74.0
615,Northern East,9.0,8.0,0.0,2020-08-10,30.0
592,Ahafo,469.0,438.0,31.0,2020-08-11,19.0
593,Ashanti,10431.0,9845.0,500.0,2020-08-11,22.0
594,Bono,439.0,438.0,1.0,2020-08-11,8.0
595,Bono East,703.0,657.0,43.0,2020-08-11,0.0
596,Central,1751.0,1497.0,244.0,2020-08-11,64.0
597,Eastern,2013.0,1769.0,232.0,2020-08-11,112.0
598,Greater Accra,20865.0,20109.0,669.0,2020-08-11,68.0
599,Northern East,9.0,8.0,0.0,2020-08-11,0.0
600,Northern,454.0,415.0,34.0,2020-08-11,45.0
601,Oti,213.0,197.0,15.0,2020-08-11,0.0
602,Savannah,62.0,61.0,0.0,2020-08-11,5.0
603,Upper East,282.0,279.0,0.0,2020-08-11,0.0
604,Upper West,88.0,85.0,0.0,2020-08-11,9.0
605,Volta,628.0,605.0,14.0,2020-08-11,0.0
606,Western,2860.0,2773.0,85.0,2020-08-11,7.0
607,Western North,580.0,542.0,38.0,2020-08-11,0.0
576,Ahafo,469.0,441.0,28.0,2020-08-12,24.0
577,Ashanti,10476.0,9942.0,446.0,2020-08-12,200.0
578,Bono,468.0,439.0,29.0,2020-08-12,0.0
579,Bono East,703.0,657.0,42.0,2020-08-12,26.0
580,Central,1754.0,1497.0,247.0,2020-08-12,4.0
581,Eastern,2024.0,1783.0,228.0,2020-08-12,60.0
582,Greater Accra,20970.0,20244.0,637.0,2020-08-12,394.0
591,Western North,580.0,542.0,38.0,2020-08-12,0.0
584,Northern,472.0,439.0,27.0,2020-08-12,0.0
585,Oti,213.0,198.0,13.0,2020-08-12,17.0
586,Savannah,62.0,61.0,0.0,2020-08-12,0.0
587,Upper East,282.0,279.0,0.0,2020-08-12,0.0
588,Upper West,88.0,85.0,0.0,2020-08-12,0.0
589,Volta,630.0,605.0,16.0,2020-08-12,5.0
590,Western,2863.0,2773.0,88.0,2020-08-12,6.0
583,Northern East,9.0,8.0,0.0,2020-08-12,0.0
565,Eastern,2065.0,1801.0,251.0,2020-08-13,0.0
560,Ahafo,469.0,441.0,28.0,2020-08-13,319.0
561,Ashanti,10488.0,9985.0,415.0,2020-08-13,5.0
562,Bono,468.0,451.0,17.0,2020-08-13,21.0
563,Bono East,716.0,658.0,54.0,2020-08-13,0.0
564,Central,1754.0,1497.0,247.0,2020-08-13,0.0
566,Greater Accra,21014.0,20268.0,657.0,2020-08-13,428.0
575,Western North,580.0,542.0,38.0,2020-08-13,1.0
568,Northern,472.0,455.0,11.0,2020-08-13,0.0
569,Oti,213.0,198.0,13.0,2020-08-13,1.0
570,Savannah,62.0,61.0,0.0,2020-08-13,0.0
571,Upper East,282.0,279.0,0.0,2020-08-13,0.0
572,Upper West,88.0,85.0,0.0,2020-08-13,0.0
573,Volta,631.0,605.0,17.0,2020-08-13,0.0
574,Western,2899.0,2813.0,84.0,2020-08-13,7.0
567,Northern East,9.0,8.0,0.0,2020-08-13,0.0
544,Ahafo,469.0,446.0,23.0,2020-08-14,0.0
545,Ashanti,10560.0,10034.0,438.0,2020-08-14,363.0
546,Bono,480.0,454.0,26.0,2020-08-14,0.0
547,Bono East,716.0,659.0,53.0,2020-08-14,2.0
548,Central,1784.0,1497.0,277.0,2020-08-14,13.0
549,Eastern,2088.0,1817.0,258.0,2020-08-14,30.0
550,Greater Accra,21162.0,20341.0,732.0,2020-08-14,667.0
551,Northern East,18.0,17.0,0.0,2020-08-14,6.0
553,Oti,215.0,202.0,11.0,2020-08-14,0.0
554,Savannah,62.0,61.0,0.0,2020-08-14,2.0
555,Upper East,282.0,279.0,0.0,2020-08-14,0.0
556,Upper West,88.0,85.0,0.0,2020-08-14,0.0
557,Volta,640.0,605.0,26.0,2020-08-14,4.0
558,Western,2899.0,2823.0,74.0,2020-08-14,11.0
559,Western North,580.0,576.0,4.0,2020-08-14,24.0
552,Northern,489.0,466.0,17.0,2020-08-14,65.0
533,Eastern,2097.0,1822.0,261.0,2020-08-15,5.0
528,Ahafo,485.0,446.0,39.0,2020-08-15,220.0
529,Ashanti,10569.0,10034.0,445.0,2020-08-15,-4.0
530,Bono,480.0,454.0,26.0,2020-08-15,8.0
531,Bono East,720.0,665.0,51.0,2020-08-15,16.0
532,Central,1801.0,1563.0,226.0,2020-08-15,0.0
534,Greater Accra,21212.0,20469.0,652.0,2020-08-15,290.0
535,Northern East,18.0,17.0,0.0,2020-08-15,0.0
536,Northern,489.0,466.0,17.0,2020-08-15,0.0
537,Oti,229.0,202.0,25.0,2020-08-15,0.0
538,Savannah,62.0,61.0,0.0,2020-08-15,0.0
539,Upper East,282.0,279.0,0.0,2020-08-15,0.0
540,Upper West,88.0,85.0,0.0,2020-08-15,0.0
541,Volta,642.0,605.0,28.0,2020-08-15,4.0
542,Western,2899.0,2823.0,73.0,2020-08-15,47.0
543,Western North,580.0,576.0,4.0,2020-08-15,0.0
512,Ahafo,490.0,446.0,44.0,2020-08-16,0.0
513,Ashanti,10650.0,10082.0,478.0,2020-08-16,379.0
514,Bono,480.0,458.0,22.0,2020-08-16,9.0
515,Bono East,730.0,676.0,46.0,2020-08-16,13.0
516,Central,1829.0,1563.0,254.0,2020-08-16,5.0
517,Eastern,2109.0,1834.0,258.0,2020-08-16,0.0
518,Greater Accra,21369.0,20593.0,685.0,2020-08-16,358.0
519,Northern East,18.0,17.0,0.0,2020-08-16,0.0
520,Northern,489.0,466.0,17.0,2020-08-16,0.0
521,Oti,229.0,202.0,25.0,2020-08-16,0.0
522,Savannah,62.0,61.0,0.0,2020-08-16,0.0
523,Upper East,282.0,279.0,0.0,2020-08-16,0.0
524,Upper West,88.0,85.0,0.0,2020-08-16,0.0
525,Volta,646.0,605.0,30.0,2020-08-16,5.0
526,Western,2924.0,2853.0,68.0,2020-08-16,25.0
527,Western North,598.0,576.0,22.0,2020-08-16,0.0
496,Ahafo,490.0,446.0,44.0,2020-08-17,0.0
497,Ashanti,10650.0,10106.0,472.0,2020-08-17,241.0
498,Bono,480.0,479.0,1.0,2020-08-17,0.0
499,Bono East,730.0,679.0,40.0,2020-08-17,0.0
500,Central,1836.0,1563.0,261.0,2020-08-17,59.0
501,Eastern,2109.0,1848.0,242.0,2020-08-17,50.0
502,Greater Accra,21445.0,20698.0,656.0,2020-08-17,205.0
511,Western North,598.0,576.0,22.0,2020-08-17,0.0
504,Northern,489.0,466.0,14.0,2020-08-17,0.0
505,Oti,229.0,202.0,25.0,2020-08-17,0.0
506,Savannah,62.0,61.0,0.0,2020-08-17,0.0
507,Upper East,282.0,279.0,0.0,2020-08-17,0.0
508,Upper West,88.0,85.0,0.0,2020-08-17,0.0
509,Volta,646.0,605.0,30.0,2020-08-17,30.0
510,Western,2924.0,2853.0,68.0,2020-08-17,106.0
503,Northern East,18.0,17.0,0.0,2020-08-17,0.0
485,Eastern,2157.0,1874.0,264.0,2020-08-18,0.0
480,Ahafo,490.0,446.0,44.0,2020-08-18,389.0
481,Ashanti,10695.0,10172.0,432.0,2020-08-18,0.0
482,Bono,480.0,479.0,1.0,2020-08-18,30.0
483,Bono East,730.0,679.0,40.0,2020-08-18,33.0
484,Central,1836.0,1563.0,259.0,2020-08-18,44.0
486,Greater Accra,21521.0,20896.0,533.0,2020-08-18,157.0
487,Northern East,18.0,17.0,0.0,2020-08-18,0.0
488,Northern,497.0,483.0,5.0,2020-08-18,0.0
489,Oti,229.0,202.0,25.0,2020-08-18,18.0
490,Savannah,62.0,61.0,0.0,2020-08-18,0.0
491,Upper East,282.0,279.0,0.0,2020-08-18,0.0
492,Upper West,88.0,85.0,0.0,2020-08-18,0.0
493,Volta,646.0,605.0,30.0,2020-08-18,0.0
494,Western,2931.0,2859.0,68.0,2020-08-18,11.0
495,Western North,598.0,576.0,22.0,2020-08-18,12.0
464,Ahafo,490.0,446.0,44.0,2020-08-19,0.0
465,Ashanti,10706.0,10223.0,392.0,2020-08-19,373.0
466,Bono,480.0,479.0,1.0,2020-08-19,0.0
467,Bono East,730.0,679.0,40.0,2020-08-19,0.0
468,Central,1837.0,1563.0,260.0,2020-08-19,0.0
469,Eastern,2157.0,1903.0,235.0,2020-08-19,29.0
470,Greater Accra,21567.0,20941.0,534.0,2020-08-19,187.0
471,Northern East,18.0,17.0,0.0,2020-08-19,31.0
472,Northern,497.0,483.0,5.0,2020-08-19,0.0
473,Oti,229.0,202.0,25.0,2020-08-19,4.0
474,Savannah,62.0,61.0,0.0,2020-08-19,0.0
475,Upper East,282.0,279.0,0.0,2020-08-19,0.0
476,Upper West,88.0,85.0,0.0,2020-08-19,0.0
477,Volta,651.0,608.0,32.0,2020-08-19,16.0
478,Western,2933.0,2863.0,66.0,2020-08-19,40.0
479,Western North,598.0,576.0,22.0,2020-08-19,3.0
448,Ahafo,490.0,446.0,44.0,2020-08-20,0.0
449,Ashanti,10731.0,10263.0,377.0,2020-08-20,113.0
450,Bono,480.0,479.0,1.0,2020-08-20,0.0
451,Bono East,746.0,697.0,38.0,2020-08-20,89.0
452,Central,1849.0,1563.0,272.0,2020-08-20,81.0
453,Eastern,2224.0,1924.0,281.0,2020-08-20,4.0
454,Greater Accra,21624.0,20986.0,546.0,2020-08-20,191.0
463,Western North,598.0,576.0,22.0,2020-08-20,0.0
456,Northern,497.0,483.0,5.0,2020-08-20,0.0
457,Oti,229.0,202.0,25.0,2020-08-20,3.0
458,Savannah,62.0,61.0,0.0,2020-08-20,0.0
459,Upper East,282.0,279.0,0.0,2020-08-20,0.0
460,Upper West,88.0,85.0,0.0,2020-08-20,0.0
461,Volta,654.0,608.0,35.0,2020-08-20,11.0
462,Western,2933.0,2863.0,66.0,2020-08-20,0.0
455,Northern East,18.0,17.0,0.0,2020-08-20,67.0
437,Eastern,2224.0,1945.0,260.0,2020-08-21,13.0
432,Ahafo,496.0,448.0,48.0,2020-08-21,310.0
433,Ashanti,10763.0,10286.0,386.0,2020-08-21,155.0
434,Bono,480.0,480.0,0.0,2020-08-21,0.0
435,Bono East,749.0,697.0,41.0,2020-08-21,15.0
436,Central,1849.0,1563.0,272.0,2020-08-21,10.0
438,Greater Accra,21684.0,21064.0,528.0,2020-08-21,192.0
447,Western North,598.0,596.0,2.0,2020-08-21,0.0
440,Northern,497.0,483.0,3.0,2020-08-21,0.0
441,Oti,229.0,205.0,22.0,2020-08-21,1.0
442,Savannah,62.0,61.0,0.0,2020-08-21,0.0
443,Upper East,282.0,279.0,0.0,2020-08-21,0.0
444,Upper West,88.0,85.0,0.0,2020-08-21,1.0
445,Volta,656.0,615.0,30.0,2020-08-21,9.0
446,Western,2947.0,2871.0,72.0,2020-08-21,57.0
439,Northern East,18.0,17.0,0.0,2020-08-21,0.0
416,Ahafo,496.0,448.0,48.0,2020-08-22,0.0
417,Ashanti,10776.0,10314.0,371.0,2020-08-22,199.0
418,Bono,480.0,480.0,0.0,2020-08-22,100.0
419,Bono East,749.0,708.0,30.0,2020-08-22,0.0
420,Central,1881.0,1563.0,274.0,2020-08-22,0.0
421,Eastern,2255.0,1949.0,287.0,2020-08-22,47.0
422,Greater Accra,21727.0,21169.0,459.0,2020-08-22,213.0
423,Northern East,18.0,17.0,0.0,2020-08-22,0.0
424,Northern,497.0,483.0,3.0,2020-08-22,0.0
425,Oti,229.0,205.0,77.0,2020-08-22,3.0
426,Savannah,62.0,61.0,0.0,2020-08-22,0.0
427,Upper East,282.0,279.0,0.0,2020-08-22,0.0
428,Upper West,88.0,85.0,0.0,2020-08-22,0.0
429,Volta,656.0,615.0,30.0,2020-08-22,10.0
430,Western,2947.0,2871.0,72.0,2020-08-22,35.0
431,Western North,604.0,596.0,8.0,2020-08-22,0.0
400,Ahafo,501.0,448.0,53.0,2020-08-23,0.0
401,Ashanti,10786.0,10326.0,369.0,2020-08-23,35.0
402,Bono,480.0,480.0,0.0,2020-08-23,59.0
403,Bono East,749.0,710.0,28.0,2020-08-23,88.0
404,Central,1857.0,1732.0,111.0,2020-08-23,0.0
405,Eastern,2266.0,1963.0,284.0,2020-08-23,18.0
406,Greater Accra,21745.0,21169.0,477.0,2020-08-23,249.0
415,Western North,604.0,596.0,8.0,2020-08-23,0.0
408,Northern,497.0,483.0,3.0,2020-08-23,0.0
409,Oti,230.0,205.0,23.0,2020-08-23,4.0
410,Savannah,62.0,61.0,0.0,2020-08-23,0.0
411,Upper East,282.0,279.0,0.0,2020-08-23,0.0
412,Upper West,88.0,85.0,0.0,2020-08-23,3.0
413,Volta,656.0,615.0,30.0,2020-08-23,32.0
414,Western,2948.0,2879.0,65.0,2020-08-23,0.0
407,Northern East,18.0,17.0,0.0,2020-08-23,0.0
389,Eastern,2277.0,1976.0,282.0,2020-08-24,0.0
384,Ahafo,501.0,448.0,53.0,2020-08-24,125.0
385,Ashanti,10794.0,10336.0,367.0,2020-08-24,0.0
386,Bono,480.0,400.0,0.0,2020-08-24,0.0
387,Bono East,749.0,710.0,28.0,2020-08-24,9.0
388,Central,1861.0,1732.0,115.0,2020-08-24,14.0
390,Greater Accra,21794.0,21338.0,357.0,2020-08-24,283.0
399,Western North,604.0,596.0,8.0,2020-08-24,0.0
392,Northern,497.0,483.0,3.0,2020-08-24,0.0
393,Oti,230.0,205.0,23.0,2020-08-24,1.0
394,Savannah,62.0,61.0,0.0,2020-08-24,0.0
395,Upper East,282.0,279.0,0.0,2020-08-24,0.0
396,Upper West,88.0,85.0,0.0,2020-08-24,0.0
397,Volta,656.0,618.0,27.0,2020-08-24,3.0
398,Western,2948.0,2882.0,62.0,2020-08-24,12.0
391,Northern East,18.0,17.0,0.0,2020-08-24,0.0
368,Ahafo,501.0,462.0,39.0,2020-08-25,0.0
369,Ashanti,10799.0,10370.0,338.0,2020-08-25,205.0
370,Bono,480.0,480.0,0.0,2020-08-25,0.0
371,Bono East,755.0,710.0,34.0,2020-08-25,0.0
372,Central,1861.0,1752.0,95.0,2020-08-25,0.0
373,Eastern,2280.0,1999.0,262.0,2020-08-25,36.0
374,Greater Accra,21877.0,21381.0,397.0,2020-08-25,405.0
375,Northern East,18.0,17.0,0.0,2020-08-25,0.0
377,Oti,230.0,205.0,23.0,2020-08-25,0.0
378,Savannah,62.0,61.0,0.0,2020-08-25,0.0
379,Upper East,282.0,279.0,0.0,2020-08-25,0.0
380,Upper West,88.0,85.0,0.0,2020-08-25,0.0
381,Volta,656.0,618.0,27.0,2020-08-25,1.0
382,Western,2949.0,2894.0,51.0,2020-08-25,16.0
383,Western North,614.0,596.0,18.0,2020-08-25,16.0
376,Northern,497.0,483.0,3.0,2020-08-25,16.0
352,Ahafo,504.0,462.0,42.0,2020-08-26,5.0
353,Ashanti,10826.0,10436.0,299.0,2020-08-26,0.0
358,Greater Accra,21942.0,21479.0,364.0,2020-08-26,0.0
355,Bono East,755.0,710.0,34.0,2020-08-26,1.0
356,Central,1862.0,1752.0,96.0,2020-08-26,21.0
357,Eastern,2285.0,2013.0,253.0,2020-08-26,2.0
359,Northern East,18.0,17.0,0.0,2020-08-26,117.0
354,Bono,511.0,480.0,31.0,2020-08-26,4.0
361,Oti,232.0,207.0,23.0,2020-08-26,0.0
362,Savannah,62.0,61.0,0.0,2020-08-26,5.0
363,Upper East,282.0,279.0,0.0,2020-08-26,0.0
364,Upper West,88.0,85.0,0.0,2020-08-26,0.0
365,Volta,656.0,618.0,27.0,2020-08-26,0.0
366,Western,2953.0,2903.0,46.0,2020-08-26,22.0
367,Western North,614.0,596.0,18.0,2020-08-26,1.0
360,Northern,528.0,483.0,34.0,2020-08-26,0.0
336,Ahafo,507.0,481.0,26.0,2020-08-27,0.0
337,Ashanti,10837.0,10487.0,256.0,2020-08-27,18.0
338,Bono,511.0,480.0,31.0,2020-08-27,0.0
339,Bono East,763.0,711.0,41.0,2020-08-27,0.0
340,Central,1870.0,1752.0,104.0,2020-08-27,0.0
341,Eastern,2289.0,2032.0,238.0,2020-08-27,12.0
342,Greater Accra,21984.0,21558.0,324.0,2020-08-27,179.0
343,Northern East,19.0,18.0,0.0,2020-08-27,0.0
344,Northern,528.0,496.0,21.0,2020-08-27,0.0
345,Oti,234.0,207.0,25.0,2020-08-27,5.0
346,Savannah,62.0,61.0,0.0,2020-08-27,0.0
347,Upper East,282.0,279.0,0.0,2020-08-27,0.0
348,Upper West,88.0,85.0,0.0,2020-08-27,0.0
349,Volta,659.0,626.0,22.0,2020-08-27,1.0
350,Western,2953.0,2908.0,41.0,2020-08-27,49.0
351,Western North,619.0,596.0,23.0,2020-08-27,0.0
320,Ahafo,507.0,481.0,26.0,2020-08-28,0.0
321,Ashanti,10843.0,10509.0,240.0,2020-08-28,5.0
322,Bono,511.0,510.0,1.0,2020-08-28,0.0
323,Bono East,763.0,722.0,30.0,2020-08-28,0.0
324,Central,1874.0,1752.0,108.0,2020-08-28,0.0
325,Eastern,2294.0,2061.0,214.0,2020-08-28,17.0
326,Greater Accra,22057.0,21627.0,328.0,2020-08-28,286.0
335,Western North,619.0,596.0,23.0,2020-08-28,81.0
328,Northern,528.0,496.0,21.0,2020-08-28,0.0
329,Oti,234.0,221.0,11.0,2020-08-28,8.0
330,Savannah,62.0,61.0,0.0,2020-08-28,6.0
331,Upper East,282.0,279.0,0.0,2020-08-28,0.0
332,Upper West,90.0,87.0,0.0,2020-08-28,0.0
333,Volta,662.0,635.0,16.0,2020-08-28,28.0
334,Western,2953.0,2908.0,41.0,2020-08-28,12.0
327,Northern East,19.0,18.0,0.0,2020-08-28,27.0
309,Eastern,2294.0,2075.0,200.0,2020-08-29,32.0
304,Ahafo,507.0,481.0,26.0,2020-08-29,104.0
305,Ashanti,10868.0,10571.0,203.0,2020-08-29,0.0
306,Bono,511.0,510.0,1.0,2020-08-29,4.0
307,Bono East,763.0,722.0,30.0,2020-08-29,0.0
308,Central,1874.0,1752.0,108.0,2020-08-29,20.0
310,Greater Accra,22190.0,21699.0,389.0,2020-08-29,102.0
311,Northern East,19.0,18.0,0.0,2020-08-29,0.0
312,Northern,528.0,496.0,21.0,2020-08-29,0.0
313,Oti,234.0,221.0,11.0,2020-08-29,5.0
314,Savannah,62.0,61.0,0.0,2020-08-29,0.0
315,Upper East,282.0,279.0,0.0,2020-08-29,0.0
316,Upper West,90.0,87.0,0.0,2020-08-29,0.0
317,Volta,662.0,637.0,14.0,2020-08-29,3.0
318,Western,2957.0,2916.0,37.0,2020-08-29,0.0
319,Western North,619.0,596.0,23.0,2020-08-29,0.0
288,Ahafo,524.0,481.0,43.0,2020-08-30,30.0
289,Ashanti,10871.0,10584.0,193.0,2020-08-30,72.0
290,Bono,511.0,510.0,1.0,2020-08-30,11.0
291,Bono East,769.0,724.0,34.0,2020-08-30,59.0
292,Central,1876.0,1752.0,110.0,2020-08-30,34.0
293,Eastern,2294.0,2195.0,80.0,2020-08-30,0.0
294,Greater Accra,22313.0,21784.0,427.0,2020-08-30,108.0
295,Northern East,19.0,18.0,0.0,2020-08-30,0.0
296,Northern,528.0,496.0,21.0,2020-08-30,0.0
297,Oti,237.0,221.0,14.0,2020-08-30,0.0
298,Savannah,62.0,61.0,0.0,2020-08-30,0.0
299,Upper East,282.0,279.0,0.0,2020-08-30,0.0
300,Upper West,90.0,87.0,0.0,2020-08-30,0.0
301,Volta,664.0,637.0,16.0,2020-08-30,9.0
302,Western,2958.0,2928.0,26.0,2020-08-30,76.0
303,Western North,619.0,596.0,23.0,2020-08-30,15.0
272,Ahafo,524.0,483.0,41.0,2020-08-31,0.0
273,Ashanti,10872.0,10615.0,163.0,2020-08-31,106.0
274,Bono,511.0,510.0,1.0,2020-08-31,0.0
275,Bono East,769.0,731.0,27.0,2020-08-31,0.0
276,Central,1878.0,1752.0,112.0,2020-08-31,5.0
277,Eastern,2299.0,2209.0,71.0,2020-08-31,4.0
278,Greater Accra,22343.0,21849.0,392.0,2020-08-31,246.0
287,Western North,619.0,596.0,23.0,2020-08-31,0.0
280,Northern,528.0,496.0,21.0,2020-08-31,0.0
281,Oti,237.0,221.0,14.0,2020-08-31,1.0
282,Savannah,62.0,61.0,0.0,2020-08-31,1.0
283,Upper East,282.0,279.0,0.0,2020-08-31,4.0
284,Upper West,90.0,87.0,0.0,2020-08-31,0.0
285,Volta,666.0,641.0,14.0,2020-08-31,3.0
286,Western,2959.0,2930.0,25.0,2020-08-31,1.0
279,Northern East,19.0,18.0,0.0,2020-08-31,0.0
261,Eastern,2320.0,2212.0,89.0,2020-09-01,0.0
256,Ahafo,524.0,483.0,41.0,2020-09-01,148.0
257,Ashanti,10878.0,10631.0,150.0,2020-09-01,0.0
258,Bono,511.0,510.0,1.0,2020-09-01,0.0
259,Bono East,777.0,734.0,32.0,2020-09-01,7.0
260,Central,1878.0,1752.0,112.0,2020-09-01,52.0
262,Greater Accra,22363.0,21914.0,346.0,2020-09-01,388.0
271,Western North,619.0,596.0,23.0,2020-09-01,23.0
264,Northern,528.0,506.0,11.0,2020-09-01,0.0
265,Oti,237.0,221.0,14.0,2020-09-01,0.0
266,Savannah,62.0,61.0,0.0,2020-09-01,0.0
267,Upper East,282.0,279.0,0.0,2020-09-01,0.0
268,Upper West,90.0,87.0,0.0,2020-09-01,12.0
269,Volta,666.0,641.0,14.0,2020-09-01,5.0
270,Western,2959.0,2932.0,23.0,2020-09-01,6.0
263,Northern East,19.0,18.0,0.0,2020-09-01,0.0
240,Ahafo,524.0,483.0,41.0,2020-09-02,10.0
241,Ashanti,10889.0,10631.0,158.0,2020-09-02,197.0
242,Bono,511.0,510.0,1.0,2020-09-02,9.0
243,Bono East,777.0,738.0,28.0,2020-09-02,2.0
244,Central,1878.0,1752.0,112.0,2020-09-02,47.0
245,Eastern,2320.0,2239.0,62.0,2020-09-02,2.0
246,Greater Accra,22415.0,21998.0,314.0,2020-09-02,473.0
247,Northern East,19.0,18.0,0.0,2020-09-02,0.0
248,Northern,528.0,506.0,11.0,2020-09-02,1.0
249,Oti,237.0,222.0,13.0,2020-09-02,0.0
250,Savannah,62.0,61.0,0.0,2020-09-02,0.0
251,Upper East,282.0,279.0,0.0,2020-09-02,0.0
252,Upper West,90.0,87.0,0.0,2020-09-02,0.0
253,Volta,667.0,641.0,15.0,2020-09-02,0.0
254,Western,2959.0,2932.0,23.0,2020-09-02,113.0
255,Western North,619.0,596.0,23.0,2020-09-02,0.0
224,Ahafo,524.0,483.0,41.0,2020-09-03,0.0
225,Ashanti,10889.0,10631.0,158.0,2020-09-03,93.0
226,Bono,511.0,510.0,1.0,2020-09-03,49.0
227,Bono East,777.0,738.0,28.0,2020-09-03,1.0
228,Central,1878.0,1752.0,112.0,2020-09-03,25.0
229,Eastern,2320.0,2239.0,62.0,2020-09-03,18.0
230,Greater Accra,22415.0,21998.0,314.0,2020-09-03,579.0
239,Western North,619.0,596.0,23.0,2020-09-03,26.0
232,Northern,528.0,506.0,11.0,2020-09-03,0.0
233,Oti,237.0,222.0,13.0,2020-09-03,2.0
234,Savannah,62.0,61.0,0.0,2020-09-03,4.0
235,Upper East,282.0,279.0,0.0,2020-09-03,0.0
236,Upper West,90.0,87.0,0.0,2020-09-03,3.0
237,Volta,667.0,641.0,15.0,2020-09-03,1.0
238,Western,2959.0,2932.0,23.0,2020-09-03,86.0
231,Northern East,19.0,18.0,0.0,2020-09-03,4.0
213,Eastern,2375.0,2259.0,97.0,2020-09-04,0.0
208,Ahafo,524.0,483.0,41.0,2020-09-04,290.0
209,Ashanti,10891.0,10685.0,106.0,2020-09-04,0.0
210,Bono,511.0,510.0,1.0,2020-09-04,3.0
211,Bono East,777.0,740.0,26.0,2020-09-04,9.0
212,Central,1898.0,1752.0,132.0,2020-09-04,37.0
214,Greater Accra,22552.0,22123.0,326.0,2020-09-04,529.0
223,Western North,638.0,596.0,42.0,2020-09-04,0.0
216,Northern,528.0,506.0,11.0,2020-09-04,0.0
217,Oti,237.0,226.0,9.0,2020-09-04,0.0
218,Savannah,62.0,61.0,0.0,2020-09-04,0.0
219,Upper East,282.0,279.0,0.0,2020-09-04,0.0
220,Upper West,90.0,87.0,0.0,2020-09-04,0.0
221,Volta,668.0,641.0,16.0,2020-09-04,7.0
222,Western,2960.0,2932.0,24.0,2020-09-04,117.0
215,Northern East,19.0,18.0,0.0,2020-09-04,0.0
192,Ahafo,524.0,483.0,41.0,2020-09-05,0.0
193,Ashanti,10907.0,10701.0,106.0,2020-09-05,145.0
194,Bono,511.0,510.0,1.0,2020-09-05,20.0
195,Bono East,777.0,740.0,26.0,2020-09-05,0.0
196,Central,1898.0,1752.0,132.0,2020-09-05,0.0
197,Eastern,2384.0,2288.0,77.0,2020-09-05,82.0
198,Greater Accra,22700.0,22183.0,414.0,2020-09-05,342.0
199,Northern East,19.0,18.0,0.0,2020-09-05,0.0
201,Oti,237.0,226.0,9.0,2020-09-05,2.0
202,Savannah,62.0,61.0,0.0,2020-09-05,0.0
203,Upper East,282.0,279.0,0.0,2020-09-05,4.0
204,Upper West,90.0,87.0,0.0,2020-09-05,4.0
205,Volta,668.0,641.0,16.0,2020-09-05,0.0
206,Western,2963.0,2941.0,18.0,2020-09-05,4.0
207,Western North,638.0,626.0,12.0,2020-09-05,67.0
200,Northern,528.0,506.0,11.0,2020-09-05,27.0
176,Ahafo,524.0,491.0,33.0,2020-09-06,18.0
177,Ashanti,10909.0,10720.0,89.0,2020-09-06,423.0
178,Bono,511.0,510.0,1.0,2020-09-06,0.0
182,Greater Accra,22813.0,22273.0,437.0,2020-09-06,47.0
180,Central,1904.0,1752.0,138.0,2020-09-06,10.0
181,Eastern,2388.0,2302.0,67.0,2020-09-06,48.0
183,Northern East,19.0,18.0,0.0,2020-09-06,550.0
179,Bono East,777.0,742.0,24.0,2020-09-06,0.0
185,Oti,237.0,226.0,9.0,2020-09-06,0.0
186,Savannah,62.0,61.0,0.0,2020-09-06,0.0
187,Upper East,282.0,279.0,0.0,2020-09-06,0.0
188,Upper West,90.0,87.0,0.0,2020-09-06,0.0
189,Volta,668.0,644.0,13.0,2020-09-06,15.0
190,Western,2963.0,2941.0,18.0,2020-09-06,12.0
191,Western North,638.0,626.0,12.0,2020-09-06,106.0
184,Northern,528.0,516.0,1.0,2020-09-06,25.0
160,Ahafo,524.0,491.0,33.0,2020-09-07,0.0
161,Ashanti,10912.0,10734.0,76.0,2020-09-07,201.0
162,Bono,511.0,510.0,1.0,2020-09-07,0.0
163,Bono East,777.0,747.0,19.0,2020-09-07,37.0
164,Central,1904.0,1770.0,120.0,2020-09-07,1.0
165,Eastern,2388.0,2302.0,67.0,2020-09-07,67.0
166,Greater Accra,22885.0,22314.0,468.0,2020-09-07,446.0
167,Northern East,19.0,18.0,0.0,2020-09-07,17.0
168,Northern,528.0,516.0,1.0,2020-09-07,0.0
169,Oti,237.0,226.0,9.0,2020-09-07,2.0
170,Savannah,62.0,61.0,0.0,2020-09-07,3.0
171,Upper East,282.0,279.0,0.0,2020-09-07,0.0
172,Upper West,90.0,87.0,0.0,2020-09-07,0.0
173,Volta,668.0,644.0,13.0,2020-09-07,9.0
174,Western,2963.0,2942.0,17.0,2020-09-07,0.0
175,Western North,638.0,626.0,12.0,2020-09-07,0.0
144,Ahafo,524.0,491.0,33.0,2020-09-08,0.0
145,Ashanti,10917.0,10750.0,65.0,2020-09-08,77.0
146,Bono,511.0,510.0,1.0,2020-09-08,13.0
147,Bono East,778.0,747.0,20.0,2020-09-08,0.0
148,Central,1904.0,1770.0,120.0,2020-09-08,36.0
149,Eastern,2389.0,2304.0,66.0,2020-09-08,30.0
150,Greater Accra,22921.0,22368.0,450.0,2020-09-08,315.0
159,Western North,638.0,626.0,12.0,2020-09-08,0.0
152,Northern,528.0,516.0,0.0,2020-09-08,0.0
153,Oti,237.0,226.0,9.0,2020-09-08,0.0
154,Savannah,62.0,61.0,0.0,2020-09-08,0.0
155,Upper East,285.0,279.0,3.0,2020-09-08,0.0
156,Upper West,90.0,87.0,0.0,2020-09-08,5.0
157,Volta,668.0,647.0,10.0,2020-09-08,0.0
158,Western,2963.0,2942.0,17.0,2020-09-08,125.0
151,Northern East,19.0,18.0,0.0,2020-09-08,8.0
133,Eastern,2392.0,2307.0,66.0,2020-09-09,0.0
128,Ahafo,524.0,502.0,22.0,2020-09-09,54.0
129,Ashanti,10917.0,10769.0,44.0,2020-09-09,0.0
130,Bono,511.0,510.0,1.0,2020-09-09,2.0
131,Bono East,778.0,748.0,19.0,2020-09-09,33.0
132,Central,1904.0,1770.0,120.0,2020-09-09,30.0
134,Greater Accra,22976.0,22457.0,415.0,2020-09-09,162.0
135,Northern East,19.0,18.0,0.0,2020-09-09,20.0
136,Northern,528.0,516.0,0.0,2020-09-09,2.0
137,Oti,238.0,228.0,8.0,2020-09-09,0.0
138,Savannah,62.0,61.0,0.0,2020-09-09,1.0
139,Upper East,285.0,279.0,3.0,2020-09-09,3.0
140,Upper West,90.0,87.0,0.0,2020-09-09,0.0
141,Volta,668.0,649.0,8.0,2020-09-09,2.0
142,Western,2963.0,2944.0,15.0,2020-09-09,2.0
143,Western North,638.0,626.0,12.0,2020-09-09,0.0
112,Ahafo,524.0,502.0,22.0,2020-09-10,0.0
113,Ashanti,10921.0,10775.0,42.0,2020-09-10,183.0
114,Bono,511.0,510.0,1.0,2020-09-10,1.0
115,Bono East,780.0,756.0,13.0,2020-09-10,3.0
116,Central,1904.0,1866.0,22.0,2020-09-10,104.0
117,Eastern,2394.0,2309.0,66.0,2020-09-10,55.0
118,Greater Accra,23047.0,22515.0,427.0,2020-09-10,94.0
119,Northern East,19.0,18.0,0.0,2020-09-10,0.0
120,Northern,528.0,516.0,0.0,2020-09-10,0.0
121,Oti,238.0,228.0,8.0,2020-09-10,0.0
122,Savannah,62.0,61.0,0.0,2020-09-10,0.0
123,Upper East,285.0,279.0,3.0,2020-09-10,0.0
124,Upper West,90.0,87.0,0.0,2020-09-10,0.0
125,Volta,668.0,649.0,8.0,2020-09-10,4.0
126,Western,2963.0,2944.0,15.0,2020-09-10,153.0
127,Western North,638.0,626.0,12.0,2020-09-10,0.0
96,Ahafo,524.0,509.0,15.0,2020-09-11,0.0
97,Ashanti,10928.0,10794.0,30.0,2020-09-11,204.0
98,Bono,511.0,510.0,1.0,2020-09-11,0.0
99,Bono East,781.0,756.0,14.0,2020-09-11,0.0
100,Central,1904.0,1866.0,22.0,2020-09-11,1.0
101,Eastern,2394.0,2321.0,54.0,2020-09-11,34.0
102,Greater Accra,23068.0,22515.0,446.0,2020-09-11,86.0
111,Western North,638.0,626.0,12.0,2020-09-11,5.0
104,Northern,528.0,516.0,0.0,2020-09-11,0.0
105,Oti,238.0,228.0,8.0,2020-09-11,2.0
106,Savannah,62.0,61.0,0.0,2020-09-11,0.0
107,Upper East,285.0,279.0,3.0,2020-09-11,0.0
108,Upper West,90.0,87.0,0.0,2020-09-11,0.0
109,Volta,668.0,649.0,8.0,2020-09-11,10.0
110,Western,2963.0,2944.0,15.0,2020-09-11,19.0
103,Northern East,19.0,18.0,0.0,2020-09-11,0.0
80,Ahafo,524.0,509.0,15.0,2020-09-12,0.0
81,Ashanti,10933.0,10794.0,35.0,2020-09-12,42.0
82,Bono,511.0,510.0,1.0,2020-09-12,1.0
83,Bono East,781.0,760.0,10.0,2020-09-12,12.0
85,Eastern,2394.0,2323.0,52.0,2020-09-12,0.0
84,Central,1904.0,1866.0,22.0,2020-09-12,45.0
86,Greater Accra,23117.0,22622.0,388.0,2020-09-12,293.0
91,Upper East,285.0,279.0,3.0,2020-09-12,18.0
88,Northern,528.0,516.0,0.0,2020-09-12,0.0
89,Oti,238.0,228.0,8.0,2020-09-12,3.0
90,Savannah,62.0,61.0,0.0,2020-09-12,0.0
92,Upper West,90.0,87.0,0.0,2020-09-12,0.0
93,Volta,668.0,649.0,8.0,2020-09-12,0.0
94,Western,2963.0,2949.0,10.0,2020-09-12,0.0
95,Western North,638.0,626.0,12.0,2020-09-12,44.0
87,Northern East,19.0,18.0,0.0,2020-09-12,2.0
64,Ahafo,524.0,509.0,15.0,2020-09-13,0.0
65,Ashanti,10936.0,10794.0,38.0,2020-09-13,48.0
66,Bono,511.0,510.0,1.0,2020-09-13,0.0
67,Bono East,781.0,760.0,10.0,2020-09-13,2.0
68,Central,1918.0,1866.0,36.0,2020-09-13,4.0
69,Eastern,2394.0,2323.0,52.0,2020-09-13,7.0
70,Greater Accra,23151.0,22720.0,324.0,2020-09-13,284.0
71,Northern East,19.0,18.0,0.0,2020-09-13,16.0
72,Northern,528.0,516.0,0.0,2020-09-13,1.0
73,Oti,239.0,228.0,9.0,2020-09-13,0.0
74,Savannah,62.0,61.0,0.0,2020-09-13,1.0
75,Upper East,291.0,279.0,9.0,2020-09-13,0.0
76,Upper West,90.0,87.0,0.0,2020-09-13,0.0
77,Volta,669.0,650.0,8.0,2020-09-13,7.0
78,Western,2963.0,2949.0,10.0,2020-09-13,65.0
79,Western North,638.0,626.0,12.0,2020-09-13,10.0
48,Ahafo,524.0,509.0,15.0,2020-09-14,0.0
49,Ashanti,10939.0,10798.0,37.0,2020-09-14,55.0
50,Bono,511.0,510.0,0.0,2020-09-14,0.0
51,Bono East,781.0,760.0,10.0,2020-09-14,0.0
52,Central,1918.0,1866.0,36.0,2020-09-14,0.0
53,Eastern,2394.0,2324.0,51.0,2020-09-14,27.0
54,Greater Accra,23180.0,22790.0,283.0,2020-09-14,332.0
63,Western North,638.0,626.0,12.0,2020-09-14,0.0
56,Northern,528.0,516.0,0.0,2020-09-14,0.0
57,Oti,240.0,229.0,9.0,2020-09-14,0.0
58,Savannah,62.0,61.0,0.0,2020-09-14,0.0
59,Upper East,291.0,279.0,9.0,2020-09-14,0.0
60,Upper West,90.0,87.0,0.0,2020-09-14,0.0
61,Volta,669.0,651.0,7.0,2020-09-14,0.0
62,Western,2963.0,2949.0,10.0,2020-09-14,0.0
55,Northern East,19.0,18.0,0.0,2020-09-14,0.0
32,Ahafo,524.0,509.0,15.0,2020-09-15,0.0
33,Ashanti,10942.0,10804.0,34.0,2020-09-15,73.0
34,Bono,511.0,510.0,0.0,2020-09-15,0.0
35,Bono East,781.0,760.0,10.0,2020-09-15,0.0
37,Eastern,2395.0,2325.0,51.0,2020-09-15,0.0
36,Central,1918.0,1866.0,36.0,2020-09-15,11.0
38,Greater Accra,23270.0,22839.0,324.0,2020-09-15,53.0
43,Upper East,291.0,279.0,9.0,2020-09-15,0.0
40,Northern,528.0,516.0,0.0,2020-09-15,1.0
41,Oti,241.0,229.0,10.0,2020-09-15,0.0
42,Savannah,62.0,61.0,0.0,2020-09-15,0.0
44,Upper West,90.0,87.0,0.0,2020-09-15,0.0
45,Volta,669.0,651.0,7.0,2020-09-15,3.0
46,Western,2963.0,2949.0,10.0,2020-09-15,0.0
47,Western North,638.0,626.0,12.0,2020-09-15,6.0
39,Northern East,19.0,18.0,1.0,2020-09-15,0.0
16,Ahafo,524.0,509.0,15.0,2020-09-16,0.0
17,Ashanti,10942.0,10816.0,22.0,2020-09-16,102.0
18,Bono,511.0,510.0,0.0,2020-09-16,2.0
20,Central,1921.0,1879.0,26.0,2020-09-16,10.0
21,Eastern,2395.0,2352.0,24.0,2020-09-16,5.0
22,Greater Accra,23287.0,22839.0,339.0,2020-09-16,4.0
23,Northern East,19.0,18.0,0.0,2020-09-16,162.0
19,Bono East,781.0,760.0,10.0,2020-09-16,0.0
25,Oti,241.0,229.0,10.0,2020-09-16,0.0
26,Savannah,62.0,61.0,0.0,2020-09-16,0.0
27,Upper East,291.0,279.0,9.0,2020-09-16,0.0
28,Upper West,90.0,87.0,0.0,2020-09-16,0.0
29,Volta,669.0,651.0,7.0,2020-09-16,0.0
30,Western,2963.0,2949.0,10.0,2020-09-16,5.0
31,Western North,638.0,626.0,12.0,2020-09-16,0.0
24,Northern,528.0,516.0,0.0,2020-09-16,0.0
