region,cases,recovered,recovered_perc,active_cases,date
Ahafo,524,509,97.1,15,2020-09-17
Ashanti,10944,10820,98.9,20,2020-09-17
Bono,511,510,99.8,0,2020-09-17
Bono East,781,760,97.3,10,2020-09-17
Central,1921,1879,97.8,26,2020-09-17
Eastern,2396,2354,98.2,23,2020-09-17
Greater Accra,23385,22902,97.9,374,2020-09-17
North East,19,18,94.7,0,2020-09-17
Northern,547,516,94.3,19,2020-09-17
Oti,241,229,95.0,10,2020-09-17
Savannah,62,61,98.4,0,2020-09-17
Upper East,291,279,95.9,9,2020-09-17
Upper West,90,87,96.7,0,2020-09-17
Volta,670,651,97.2,8,2020-09-17
Western,2966,2 952,99.5,10,2020-09-17
Western North,638,626,98.1,12,2020-09-17
Ahafo,524,509,97.1,15,2020-09-16
Ashanti,10942,10816,98.8,22,2020-09-16
Bono,511,510,99.8,0,2020-09-16
Bono East,781,760,97.3,10,2020-09-16
Central,1921,1879,97.8,26,2020-09-16
Eastern,2395,2352,98.2,24,2020-09-16
Greater Accra,23287,22839,98.1,339,2020-09-16
North East,19,18,94.7,0,2020-09-16
Northern,528,516,97.7,0,2020-09-16
Oti,241,229,95.0,10,2020-09-16
Savannah,62,61,98.4,0,2020-09-16
Upper East,291,279,95.9,9,2020-09-16
Upper West,90,87,96.7,0,2020-09-16
Volta,669,651,97.3,7,2020-09-16
Western,2963,2.949,99.5,10,2020-09-16
Western North,638,626,98.1,12,2020-09-16
Ahafo,524,509,97.1,15,2020-09-15
Ashanti,10942,10804,98.7,34,2020-09-15
Bono,511,510,99.8,0,2020-09-15
Bono East,781,760,97.3,10,2020-09-15
Central,1918,1866,97.3,36,2020-09-15
Eastern,2395,2325,97.1,51,2020-09-15
Greater Accra,23270,22839,98.1,324,2020-09-15
North East,19,18,94.7,1,2020-09-15
Northern,528,516,97.7,0,2020-09-15
Oti,241,229,95.0,10,2020-09-15
Savannah,62,61,98.4,0,2020-09-15
Upper East,291,279,95.9,9,2020-09-15
Upper West,90,87,96.7,0,2020-09-15
Volta,669,651,97.3,7,2020-09-15
Western,2963,2949,99.5,10,2020-09-15
Western North,638,626,98.1,12,2020-09-15
Ahafo,524,509,97.1,15,2020-09-14
Ashanti,10939,10798,98.7,37,2020-09-14
Bono,511,510,99.8,0,2020-09-14
Bono East,781,760,97.3,10,2020-09-14
Central,1918,1866,97.3,36,2020-09-14
Eastern,2394,2324,97.1,51,2020-09-14
Greater Accra,23180,22790,98.3,283,2020-09-14
North East,19,18,94.7,0,2020-09-14
Northern,528,516,97.7,0,2020-09-14
Oti,240,229,95.4,9,2020-09-14
Savannah,62,61,98.4,0,2020-09-14
Upper East,291,279,95.9,9,2020-09-14
Upper West,90,87,96.7,0,2020-09-14
Volta,669,651,97.3,7,2020-09-14
Western,2963,2949,99.5,10,2020-09-14
Western North,638,626,98.1,12,2020-09-14
Ahafo,524,509,97.1,15,2020-09-13
Ashanti,10936,10794,98 7,38,2020-09-13
Bono,511,510,998,1,2020-09-13
Bono East,781,760,97.3,10,2020-09-13
Central,1918,1866,97.3,36,2020-09-13
Eastern,2394,2323,97.0,52,2020-09-13
Greater Accra,23151,22720,98.1,324,2020-09-13
North East,19,18,94.7,0,2020-09-13
Northern,528,516,97.7,0,2020-09-13
Oti,239,228,95.4,9,2020-09-13
Savannah,62,61,984,0,2020-09-13
Upper East,291,279,95.9,9,2020-09-13
Upper West,90,87,967,0,2020-09-13
Volta,669,650,97.2,8,2020-09-13
Western,2963,2949,99.5,10,2020-09-13
Western North,638,626,98.1,12,2020-09-13
Ahafo,524,509,97.1,15,2020-09-12
Ashanti,10933,10794,98.7,35,2020-09-12
Bono,511,510,99.8,1,2020-09-12
Bono East,781,760,97.3,10,2020-09-12
Central,1904,1866,98.0,22,2020-09-12
Eastern,2394,2323,97.0,52,2020-09-12
Greater Accra,23117,22622,97.9,388,2020-09-12
North East,19,18,94.7,0,2020-09-12
Northern,528,516,97.7,0,2020-09-12
Oti,238,228,95.8,8,2020-09-12
Savannah,62,61,984,0,2020-09-12
Upper East,285,279,97.9,3,2020-09-12
Upper West,90,87,96.7,0,2020-09-12
Volta,668,649,97.2,8,2020-09-12
Western,2963,2949,99.5,10,2020-09-12
Western North,638,626,98.1,12,2020-09-12
Ahafo,524,509,97.1,15,2020-09-11
Ashanti,10928,10794,988,30,2020-09-11
Bono,511,510,99.8,1,2020-09-11
Bono East,781,756,968,14,2020-09-11
Central,1904,1866,980,22,2020-09-11
Eastern,2394,2321,97.0,54,2020-09-11
Greater Accra,23068,22515,97.6,446,2020-09-11
North East,19,18,94.7,0,2020-09-11
Northern,528,516,97.7,0,2020-09-11
Oti,238,228,958,8,2020-09-11
Savannah,62,61,98.4,0,2020-09-11
Upper East,285,279,97.9,3,2020-09-11
Upper West,90,87,967,0,2020-09-11
Volta,668,649,97.2,8,2020-09-11
Western,2963,2944,99.4,15,2020-09-11
Western North,638,626,981,12,2020-09-11
Ahafo,524,502,95.8,22,2020-09-10
Ashanti,10921,10775,98.7,42,2020-09-10
Bono,511,510,99.8,1,2020-09-10
Bono East,780,756,969,13,2020-09-10
Central,1904,1866,98.0,22,2020-09-10
Eastern,2394,2309,96.4,66,2020-09-10
Greater Accra,23047,22515,97.7,427,2020-09-10
North East,19,18,94.7,0,2020-09-10
Northern,528,516,97.7,0,2020-09-10
Oti,238,228,95.8,8,2020-09-10
Savannah,62,61,98.4,0,2020-09-10
Upper East,285,279,97.9,3,2020-09-10
Upper West,90,87,96.7,0,2020-09-10
Volta,668,649,97.2,8,2020-09-10
Western,2963,2944,99.4,15,2020-09-10
Western North,638,626,98.1,12,2020-09-10

Ahafo,524,502,95.8,22,2020-09-09
Ashanti,10917,10769,986,44,2020-09-09
Bono,511,510,998,1,2020-09-09
Bono East,778,748,96.1,19,2020-09-09
Central,1904,1770,93.0,120,2020-09-09
Eastern,2392,2307,96.4,66,2020-09-09
Greater Accra,"22,976",22457,97.7,415,2020-09-09
North East,19,18,94.7,0,2020-09-09
Northern,528,516,97.7,0,2020-09-09
Oti,238,228,95.8,8,2020-09-09
Savannah,62,61,98.4,0,2020-09-09
Upper East,285,279,97.9,3,2020-09-09
Upper West,90,87,96.7,0,2020-09-09
Volta,668,649,97.2,8,2020-09-09
Western,2963,2944,99.4,15,2020-09-09
Western North,638,626,98.1,12,2020-09-09
Ahafo,524,491,93.7,33,2020-09-08
Ashanti,10917,10750,98.5,65,2020-09-08
Bono,511,510,998,1,2020-09-08
Bono East,778,747,96.0,20,2020-09-08
Central,1904,1770,93.0,120,2020-09-08
Eastern,2389,2304,964,66,2020-09-08
Greater Accra,"22,921",22368,97.6,450,2020-09-08
Nonh East,19,18,94.7,0,2020-09-08
Northern,528,516,97.7,0,2020-09-08
Oti,237,226,95.4,9,2020-09-08
Savannah,62,61,98.4,0,2020-09-08
Upper East,285,279,97.9,3,2020-09-08
Upper West, 90,87,96 7,0,2020-09-08
Volta,668,647,96.9,10,2020-09-08
Western,2963,"2,942",993,17,2020-09-08
Western North,638,626,98.1,12,2020-09-08
Ahafo,524,491,93.7,33,2020-09-07
Ashanti,10912,10734,984,76,2020-09-07
Bono,511,510,99.8,1,2020-09-07
Bono East,777,747,96.1,19,2020-09-07
Central,1904,1770,93.0,120,2020-09-07
Eastern,2388,2302,96.4,67,2020-09-07
Greater Accra,22885,22314,97.5,468,2020-09-07
North East,19,18,94.7,0,2020-09-07
Northern,528,516,97.7,1,2020-09-07
Oti,237,226,95.4,9,2020-09-07
Savannah,62,61,984,0,2020-09-07
Upper East,282,279,98.9,0,2020-09-07
Upper West,90,87,96 7,0,2020-09-07
Volta,668,644,96.4,13,2020-09-07
Western,2963,2942,99.3,17,2020-09-07
Western North,638,626,98.1,12,2020-09-07

Ahafo,524,491,93.7,33,2020-09-06
Ashanti,10909,10720,98.3,89,2020-09-06
Bono,511,510,99.8,1,2020-09-06
Bono East,777,742,95.5,24,2020-09-06
Central,1904,1752,92.0,138,2020-09-06
Eastern,2388,2302,96.4,67,2020-09-06
Greater Accra,22813,22273,97.6,437,2020-09-06
North East,19,18,94.7,0,2020-09-06
Northern,528,516,97.7,1,2020-09-06
Oti,237,226,95.4,9,2020-09-06
Savannah,62,61,98.4,0,2020-09-06
Upper East,282,279,98.9,0,2020-09-06
Upper West,90,87,96.7,0,2020-09-06
Volta,668,644,96.4,13,2020-09-06
Western,2963,2941,99.3,18,2020-09-06
Western North,638,626,98.1,12,2020-09-06

Ahafo,524,483,92.2,41,2020-09-05
Ashanti,10907,10701,98.1,106,2020-09-05
Bono,511,510,99.8,1,2020-09-05
Bono East,777,740,95.2,26,2020-09-05
Central,1898,1752,92.3,132,2020-09-05
Eastern,2384,2288,96.0,77,2020-09-05
Greater Accra,22700,22183,97.7,414,2020-09-05
North East,19,18,94.7,0,2020-09-05
Northern,528,506,95.8,11,2020-09-05
Oti,237,226,95.4,9,2020-09-05
Savannah,62,61,98.4,0,2020-09-05
Upper East,282,279,98.9,0,2020-09-05
Upper West,90,87,96.7,0,2020-09-05
Volta,668,641,96.0,16,2020-09-05
Western,2963,2941,99.3,18,2020-09-05
Western North,638,626,98.1,12,2020-09-05
Ahafo,524,483,92.2,41,2020-09-04
Ashanti,10891,10685,98.1,106,2020-09-04
Bono,511,510,998,1,2020-09-04
Bono East,777,740,95.2,26,2020-09-04
Central,1898,1752,92.3,132,2020-09-04
Eastern,2375,2259,95.1,97,2020-09-04
Greater Accra,22552,22123,98.1,326,2020-09-04
North East,19,18,94.7,0,2020-09-04
Northern,528,506,95.8,11,2020-09-04
Oti,237,226,95.4,9,2020-09-04
Savannah,62,61,98.4,0,2020-09-04
Upper East,282,279,98.9,0,2020-09-04
Upper West,90,87,96.7,0,2020-09-04
Volta,668,641,960,16,2020-09-04
Western,2960,2932,99.1,24,2020-09-04
Western North,638,596,93.4,42,2020-09-04
Ahafo,524,483,92.2,41,2020-09-03
Ashanti,10889,10631,97.6,158,2020-09-03
Bono,511,510,99.8,1,2020-09-03
Bono East,777,738,95.0,28,2020-09-03
Central,1878,1752,93.3,112,2020-09-03
Eastern,2320,2239,96.5,62,2020-09-03
Greater Accra,22415,21998,98.1,314,2020-09-03
North East,19,18,94.7,0,2020-09-03
Northern,528,506,95.8,11,2020-09-03
Oti,237,222,93.7,13,2020-09-03
Savannah,62,61,98.4,0,2020-09-03
Upper East,282,279,98.9,0,2020-09-03
Upper West,90,87,96.7,0,2020-09-03
Volta,667,641,96.1,15,2020-09-03
Western,2959,2932,99.1,23,2020-09-03
Western North,619,596,963,23,2020-09-03
Ahafo,524,483,92.2,41,2020-09-02
Ashanti,10889,10631,97.6,158,2020-09-02
Bono,511,510,99.8,1,2020-09-02
Bono East,777,738,95.0,28,2020-09-02
Central,1878,1752,93.3,112,2020-09-02
Eastern,2320,2239,96.5,62,2020-09-02
Greater Accra,22415,21998,98.1,314,2020-09-02
North East,19,18,94.7,0,2020-09-02
Northern,528,506,95.8,11,2020-09-02
On,237,222,93.7,13,2020-09-02
Savannah,62,61,98.4,0,2020-09-02
Upper East,282,279,98.9,0,2020-09-02
Upper West,90,87,96.7,0,2020-09-02
Volta,667,641,96.1,15,2020-09-02
Western,2959,2.932,99.1,23,2020-09-02
Western North,619,596,963,23,2020-09-02
Ahafo,524,483,92.2,41,2020-09-01
Ashanti,10878,10631,97.7,150,2020-09-01
Bono,511,510,99.8,1,2020-09-01
Bono East,777,734,94.5,32,2020-09-01
Central,1878,1752,93.3,112,2020-09-01
Eastern,2320,2212,95.3,89,2020-09-01
Greater Accra,22.363,21914,98.0,346,2020-09-01
North East,19,18,94.7,0,2020-09-01
Northern,528,506,95.8,11,2020-09-01
Oti,237,221,93.2,14,2020-09-01
Savannah,62,61,98.4,0,2020-09-01
Upper East,282,279,98.9,0,2020-09-01
Upper West,90,87,96.7,0,2020-09-01
Volta,666,641,96.2,14,2020-09-01
Western,2959,2932,99.1,23,2020-09-01
Western North,619,596,96.3,23,2020-09-01
Ahafo,524,483,92.2,41,2020-08-31
Ashanti,10872,10615,976,163,2020-08-31
Bono,511,510,998,1,2020-08-31
Bono East,769,731,95.1,27,2020-08-31
Central,1878,1752,93.3,112,2020-08-31
Eastern,2299,2209,96.1,71,2020-08-31
Greater Accra,22343,21849,978,392,2020-08-31
North East,19,18,94.7,0,2020-08-31
Northern,528,496,93 9,21,2020-08-31
Oti,237,221,93.2,14,2020-08-31
Savannah,62,61,98.4,0,2020-08-31
Upper East,282,279,98.9,0,2020-08-31
Upper West,90,87,96.7,0,2020-08-31
Volta,666,641,962,14,2020-08-31
Western,2959,2.930,99.0,25,2020-08-31
Western North,619,596,96.3,23,2020-08-31
Ahafo,524,481,91.8,43,2020-08-30
Ashanti,10871,10584,97.4,193,2020-08-30
Bono,511,510,99.8,1,2020-08-30
Bono East,769,724,94.1,34,2020-08-30
Central,1876,1752,93.4,110,2020-08-30
Eastern,2294,2195,95.7,80,2020-08-30
Greater Accra,22313,21784,97.6,427,2020-08-30
North East,19,18,94.7,0,2020-08-30
Northern,528,496,9.3.9,21,2020-08-30
Oti,237,221,93.2,14,2020-08-30
Savannah,62,61,98.4,0,2020-08-30
Upper East,282,279,98.9,0,2020-08-30
Upper West,90,87,96.7,0,2020-08-30
Volta,664,637,95.9,16,2020-08-30
Western,2958,2928,99.0,26,2020-08-30
Western North,619,596,96.3,23,2020-08-30
Ahafo,507,481,94.9,26,2020-08-29
Ashanti,10868,10571,97.3,203,2020-08-29
Bono,511,510,99.8,1,2020-08-29
Bono East,763,722,94.6,30,2020-08-29
Central,1874,1752,93.5,108,2020-08-29
Eastern,2294,2075,90.5,200,2020-08-29
Greater Accra,22190,21699,97.8,389,2020-08-29
North East,19,18,94.7,0,2020-08-29
Northern,528,496,93.9,21,2020-08-29
Oti,234,221,94.4,11,2020-08-29
Savannah,62,61,984,0,2020-08-29
Upper East,282,279,98.9,0,2020-08-29
Upper West,90,87,967,0,2020-08-29
Volta,662,637,96.2,14,2020-08-29
Western,2957,2916,98.6,37,2020-08-29
Western North,619,596,96.3,23,2020-08-29
Ahafo,507,481,94.9,26,2020-08-28
Ashanti,10843,10.509,96.9,240,2020-08-28
Bono,511,510,99.8,1,2020-08-28
Bono East,763,722,94.6,30,2020-08-28
Central,1874,1752,93.5,108,2020-08-28
Eastern,2294,2061,89.8,214,2020-08-28
Greater Accra,22057,21627,98.1,328,2020-08-28
North East,19,18,94.7,0,2020-08-28
Northern,528,496,93.9,21,2020-08-28
Oti,234,221,94.4,11,2020-08-28
Savannah,62,61,98.4,0,2020-08-28
Upper East,282,279,98.9,0,2020-08-28
Upper West,90,87,96.7,0,2020-08-28
Volta,662,635,95.9,16,2020-08-28
Western,2953,2908,98.5,41,2020-08-28
Western North,619,596,96.3,23,2020-08-28
Ahafo,507,481,94.9,26,2020-08-27
Ashanti,10837,10487,96.8,256,2020-08-27
Bono,511,480,93.9,31,2020-08-27
Bono East,763,711,93.2,41,2020-08-27
Central,1870,1752,93.7,104,2020-08-27
Eastern,2289,2032,88.8,238,2020-08-27
Greater Accra,21984,21558,98 1,324,2020-08-27
North East,19,18,94.7,0,2020-08-27
Northern,528,496,93.9,21,2020-08-27
Oti,234,207,88.5,25,2020-08-27
Savannah,62,61,98.4,0,2020-08-27
Upper East,282,279,98.9,0,2020-08-27
Upper West,88,85,96.6,0,2020-08-27
Volta,659,626,95.0,22,2020-08-27
Western,2953,2908,98.5,41,2020-08-27
Western North,619,596,96.3,23,2020-08-27
Ahafo,504,462,91.7,42,2020-08-26
Ashanti,10826,10436,96.4,299,2020-08-26
Bono,511,480,93.9,31,2020-08-26
Bono East,755,710,94.0,34,2020-08-26
Central,1862,1752,94.1,96,2020-08-26
Eastern,2285,2013,88.1,253,2020-08-26
Greater Accra,21942,21479,97.9,364,2020-08-26
North East,18,17,94.4,0,2020-08-26
Northern,528,483,91.5,34,2020-08-26
Oti,232,207,89.2,23,2020-08-26
Savannah,62,61,98.4,0,2020-08-26
Upper East,282,279,98.9,0,2020-08-26
Upper West,88,85,96.6,0,2020-08-26
Volta,656,618,94.2,27,2020-08-26
Western,2953,2903,98.3,46,2020-08-26
Western North,614,596,97.1,18,2020-08-26
Ahafo,501,462,92.2,39,2020-08-25
Ashanti,10799,10370,96.0,338,2020-08-25
Bono,480,480,1000,0,2020-08-25
Bono East,755,710,94.0,34,2020-08-25
Central,1861,1752,94.1,95,2020-08-25
Eastern,2280,1999,87.7,262,2020-08-25
Greater Accra,21877,21381,97.7,397,2020-08-25
North East,18,17,94.4,0,2020-08-25
Northern,497,483,97.2,3,2020-08-25
Oti,230,205,89 1,23,2020-08-25
Savannah,62,61,984,0,2020-08-25
Upper East,282,279,98.9,0,2020-08-25
Upper West,88,85,966,0,2020-08-25
Volta,656,618,94.2,27,2020-08-25
Western,2949,2894,98.1,51,2020-08-25
Western North,614,596,97.1,18,2020-08-25
Ahafo,501,448,894,53,2020-08-24
Ashanti,10794,10336,95.8,367,2020-08-24
Bono,480,400,1000,0,2020-08-24
Bono East,749,710,94.8,28,2020-08-24
Central,1861,1732,93.1,115,2020-08-24
Eastern,2277,1976,86.8,282,2020-08-24
Greater Accra,21.794,21338,97.9,357,2020-08-24
North East,18,17,94.4,0,2020-08-24
Northern,497,483,97.2,3,2020-08-24
Oti,230,205,89.1,23,2020-08-24
Savannah,62,61,98.4,0,2020-08-24
Upper East,282,279,98 9,0,2020-08-24
Upper West,88,85,966,0,2020-08-24
Volta,656,618,942,27,2020-08-24
Western,2948,"2,882",97.8,62,2020-08-24
Western North,604,596,98.7,8,2020-08-24
Ahafo,501,448,89.4,53,2020-08-23
Ashanti,10786,10326,95.7,369,2020-08-23
Bono,480,480,100.0,0,2020-08-23
Bono East,749,710,94.8,28,2020-08-23
Central,1857,1732,93.3,111,2020-08-23
Eastern,2266,1963,86.6,284,2020-08-23
Greater Accra,21745,21169,97.4,477,2020-08-23
North East,18,17,94.4,0,2020-08-23
Northern,497,483,97.2,3,2020-08-23
Oti,230,205,89.1,23,2020-08-23
Savannah,62,61,98.4,0,2020-08-23
Upper East,282,279,98.9,0,2020-08-23
Upper West,88,85,96.6,0,2020-08-23
Volta,656,615,93.8,30,2020-08-23
Western,2948,2879,97.7,65,2020-08-23
Western North,604,596,98.7,8,2020-08-23
Ahafo,496,448,903,48,2020-08-22
Ashanti,10776,10314,95.7,371,2020-08-22
Bono,480,480,1000,0,2020-08-22
Bono East,749,708,945,30,2020-08-22
Central,1881,1563,844,274,2020-08-22
Eastern,2255,1949,86 4,287,2020-08-22
Greater Accra,21727,21169,974,459,2020-08-22
North East,18,17,944,0,2020-08-22
Northern,497,483,97.2,3,2020-08-22
Oti,229,205,89 5,77,2020-08-22
Savannah,62,61,98 4,0,2020-08-22
Upper East,282,279,98 9,0,2020-08-22
Upper West,88,85,966,0,2020-08-22
Volta,656,615,938,30,2020-08-22
Western,2947,2871,97.4,72,2020-08-22
Western North,604,596,98 7,8,2020-08-22
Ahafo,496,448,90.3,48,2020-08-21
Ashanti,10763,10286,95.6,386,2020-08-21
Bono,480,480,100.0,0,2020-08-21
Bono East,749,697,93.1,41,2020-08-21
Central,1849,1563,84.5,272,2020-08-21
Eastern,2224,1945,87.5,260,2020-08-21
Greater Accra,21684,21064,97.1,528,2020-08-21
North East,18,17,94.4,0,2020-08-21
Northern,497,483,97.2,3,2020-08-21
Oti,229,205,89.5,22,2020-08-21
Savannah,62,61,98.4,0,2020-08-21
Upper East,282,279,98.9,0,2020-08-21
Upper West,88,85,96.6,0,2020-08-21
Volta,656,615,93.8,30,2020-08-21
Western,2947,2871,97.4,72,2020-08-21
Western North,598,596,99.7,2,2020-08-21
Ahafo,490,446,91.0,44,2020-08-20
Ashanti,10731,10263,95.6,377,2020-08-20
Bono,480,479,99.8,1,2020-08-20
Bono East,746,697,93.4,38,2020-08-20
Central,1849,1563,84.5,272,2020-08-20
Eastern,2224,1924,86.5,281,2020-08-20
Greater Accra,21624,20986,97.0,546,2020-08-20
North East,18,17,94.4,0,2020-08-20
Northern,497,483,97.2,5,2020-08-20
Oti,229,202,88.2,25,2020-08-20
Savannah,62,61,98.4,0,2020-08-20
Upper East,282,279,98.9,0,2020-08-20
Upper West,88,85,96.6,0,2020-08-20
Volta,654,608,93.0,35,2020-08-20
Western,2933,2863,97.6,66,2020-08-20
Western North,598,576,96.3,22,2020-08-20
Ahafo,490,446,91.0,44,2020-08-19
Ashanti,10706,10223,95.5,392,2020-08-19
Bono,480,479,99.8,1,2020-08-19
Bono East,730,679,93.0,40,2020-08-19
Central,1837,1563,85.1,260,2020-08-19
Eastern,2157,1903,88.2,235,2020-08-19
Greater Accra,21567,20941,97.1,534,2020-08-19
North East,18,17,94.4,0,2020-08-19
Northern,497,483,97.2,5,2020-08-19
Oti,229,202,88.2,25,2020-08-19
Savannah,62,61,98.4,0,2020-08-19
Upper East,282,279,98.9,0,2020-08-19
Upper West,88,85,96.6,0,2020-08-19
Volta,651,608,93.4,32,2020-08-19
Western,2933,2863,97.6,66,2020-08-19
Western North,598,576,96.3,22,2020-08-19
Ahafo,490,446,91.0,44,2020-08-18
Ashanti,10695,10172,95.1,432,2020-08-18
Bono,480,479,99.8,1,2020-08-18
Bono East,730,679,93.0,40,2020-08-18
Central,1836,1563,85.1,259,2020-08-18
Eastern,2157,1874,86.9,264,2020-08-18
Greater Accra,21521,20896,97.1,533,2020-08-18
North East,18,17,94.4,0,2020-08-18
Northern,497,483,97.2,5,2020-08-18
Oti,229,202,88.2,25,2020-08-18
Savannah,62,61,98.4,0,2020-08-18
Upper East,282,279,98.9,0,2020-08-18
Upper West,88,85,96.6,0,2020-08-18
Volta,646,605,93.7,30,2020-08-18
Western,2931,2859,97.5,68,2020-08-18
Western North,598,576,96.3,22,2020-08-18
Ahafo,490,446,91.0,44,2020-08-17
Ashanti,10650,10106,94.9,472,2020-08-17
Bono,480,479,99.8,1,2020-08-17
Bono East,730,679,93.0,40,2020-08-17
Central,1836,1563,85.1,261,2020-08-17
Eastern,2109,1848,87.6,242,2020-08-17
Greater Accra,21445,20698,96.5,656,2020-08-17
North East,18,17,94.4,0,2020-08-17
Northern,489,466,95.3,14,2020-08-17
Oti,229,202,88.2,25,2020-08-17
Savannah,62,61,98.4,0,2020-08-17
Upper East,282,279,98.9,0,2020-08-17
Upper West,88,85,96.6,0,2020-08-17
Volta,646,605,93.7,30,2020-08-17
Western,2924,2853,97.6,68,2020-08-17
Western North,598,576,96.3,22,2020-08-17
Ahafo,490,446,91.0,44,2020-08-16
Ashanti,10650,10.082,94.7,478,2020-08-16
Bono,480,458,95.4,22,2020-08-16
Bono East,730,676,92.6,46,2020-08-16
Central,1829,1563,85.5,254,2020-08-16
Eastern,2109,1834,87.0,258,2020-08-16
Greater Accra,21369,20593,96.4,685,2020-08-16
North East,18,17,94.4,0,2020-08-16
Northern,489,466,95.3,17,2020-08-16
Oti,229,202,88.2,25,2020-08-16
Savannah,62,61,98.4,0,2020-08-16
Upper East,282,279,98.9,0,2020-08-16
Upper West,88,85,96.6,0,2020-08-16
Volta,646,605,93.7,30,2020-08-16
Western,2924,2853,97.6,68,2020-08-16
Western North,598,576,96.3,22,2020-08-16
Ahafo,485,446,92.0,39,2020-08-15
Ashanti,10569,10034,94.9,445,2020-08-15
Bono,480,454,94.6,26,2020-08-15
Bono East,720,665,92.4,51,2020-08-15
Central,1801,1563,86.8,226,2020-08-15
Eastern,2097,1822,86.9,261,2020-08-15
Greater Accra,21212,20469,96.5,652,2020-08-15
North East,18,17,94.4,0,2020-08-15
Northern,489,466,95.3,17,2020-08-15
Oti,229,202,88.2,25,2020-08-15
Savannah,62,61,98.4,0,2020-08-15
Upper East,282,279,98.9,0,2020-08-15
Upper West,88,85,96.6,0,2020-08-15
Volta,642,605,94.2,28,2020-08-15
Western,2899,"2,823",97.4,73,2020-08-15
Western North,580,576,99.3,4,2020-08-15
Ahafo,469,446,95.1,23,2020-08-14
Ashanti,10560,10034,95.0,438,2020-08-14
Bono,480,454,94.6,26,2020-08-14
Bono East,716,659,92.0,53,2020-08-14
Central,1784,1497,83.9,277,2020-08-14
Eastern,2088,1817,87.0,258,2020-08-14
Greater Accra,21162,20341,96.1,732,2020-08-14
North East,18,17,94.4,0,2020-08-14
Northern,489,466,95.3,17,2020-08-14
Oti,215,202,94.0,11,2020-08-14
Savannah,62,61,98.4,0,2020-08-14
Upper East,282,279,98.9,0,2020-08-14
Upper West,88,85,96.6,0,2020-08-14
Volta,640,605,94.5,26,2020-08-14
Western,2899,"2,823",97.4,74,2020-08-14
Western North,580,576,99.3,4,2020-08-14
Ahafo,469,441,94.0,28,2020-08-13
Ashanti,10488,9985,95.2,415,2020-08-13
Bono,468,451,96.4,17,2020-08-13
Bono East,716,658,91.9,54,2020-08-13
Central,1754,1497,85.3,247,2020-08-13
Eastern,2065,1801,87.2,251,2020-08-13
Greater Accra,21014,20268,96.4,657,2020-08-13
North East,9,8,88.9,0,2020-08-13
Northern,472,455,96.4,11,2020-08-13
Oti,213,198,93.0,13,2020-08-13
Savannah,62,61,98.4,0,2020-08-13
Upper East,282,279,98.9,0,2020-08-13
Upper West,88,85,96.6,0,2020-08-13
Volta,631,605,95.9,17,2020-08-13
Western,2899,2813,97.0,84,2020-08-13
Western North,580,542,93.4,38,2020-08-13
Ahafo,469,441,94.0,28,2020-08-12
Ashanti,10476,9942,94.9,446,2020-08-12
Bono,468,439,938,29,2020-08-12
Bono East,703,657,93.5,42,2020-08-12
Central,1754,1497,85.3,247,2020-08-12
Eastern,2024,1783,88.1,228,2020-08-12
Greater Accra,20970,20244,96.5,637,2020-08-12
North East,9,8,889,0,2020-08-12
Northern,472,439,93.0,27,2020-08-12
Oti,213,198,93.0,13,2020-08-12
Savannah,62,61,98.4,0,2020-08-12
Upper East,282,279,989,0,2020-08-12
Upper West,88,85,966,0,2020-08-12
Volta,630,605,96.0,16,2020-08-12
Western,2863,2773,96.9,88,2020-08-12
Western North,580,542,93.4,38,2020-08-12
Ahafo,469,438,93.4,31,2020-08-11
Ashanti,10431,9845,94.4,500,2020-08-11
Bono,439,438,99.8,1,2020-08-11
Bono East,703,657,93.5,43,2020-08-11
Central,1751,1497,85.5,244,2020-08-11
Eastern,2013,1769,87.9,232,2020-08-11
Greater Accra,20865,"20,109",96.4,669,2020-08-11
North East,9,8,88.9,0,2020-08-11
Northern,454,415,91.4,34,2020-08-11
Oti,213,197,92.5,15,2020-08-11
Savannah,62,61,98.4,0,2020-08-11
Upper East,282,279,98.9,0,2020-08-11
Upper West,88,85,96.6,0,2020-08-11
Volta,628,605,96.3,14,2020-08-11
Western,2860,2773,97.0,85,2020-08-11
Western North,580,542,93.4,38,2020-08-11
Ahafo,469,436,93.0,33,2020-08-10
Ashanti,10408,9779,94.0,543,2020-08-10
Bono,439,438,99.8,1,2020-08-10
Bono East,700,654,93.4,43,2020-08-10
Central,1751,1497,85.5,244,2020-08-10
Eastern,1991,1756,88.2,223,2020-08-10
Greater Accra,20824,20008,96.1,729,2020-08-10
North East,9,8,88.9,0,2020-08-10
Northern,454,415,91.4,34,2020-08-10
Oti,213,194,91.1,18,2020-08-10
Savannah,62,61,98.4,0,2020-08-10
Upper East,282,279,98.9,0,2020-08-10
Upper West,88,85,96.6,0,2020-08-10
Volta,626,605,96.6,12,2020-08-10
Western,2829,2.738,96.8,89,2020-08-10
Western North,580,542,93.4,38,2020-08-10
Ahafo,463,436,94.2,27,2020-08-09
Ashanti,10393,9769,94.0,538,2020-08-09
Bono,439,436,99.3,3,2020-08-09
Bono East,689,648,94.0,38,2020-08-09
Central,1749,1497,85.6,242,2020-08-09
Eastern,1972,1732,87.8,228,2020-08-09
Greater Accra,"20,749",19896,95.9,766,2020-08-09
North East,9,8,88.9,0,2020-08-09
Northern,454,415,91.4,34,2020-08-09
Oti,211,194,91.9,16,2020-08-09
Savannah,62,61,98.4,0,2020-08-09
Upper East,282,279,98.9,0,2020-08-09
Upper West,88,85,96.6,0,2020-08-09
Volta,626,605,96.6,12,2020-08-09
Western,2818,2717,96.4,99,2020-08-09
Western North,568,542,95.4,26,2020-08-09
Ahafo,463,370,79.9,93,2020-08-08
Ashanti,10379,9733,93.8,560,2020-08-08
Bono,439,436,99.3,3,2020-08-08
Bono East,689,648,94.0,38,2020-08-08
Central,1735,1497,86.3,228,2020-08-08
Eastern,1938,1715,88.5,213,2020-08-08
Greater Accra,20651,19772,95.7,796,2020-08-08
North East,9,8,88.9,0,2020-08-08
Northern,454,415,91.4,34,2020-08-08
Oti,204,191,93.6,12,2020-08-08
Savannah,62,61,98.4,0,2020-08-08
Upper East,282,279,98.9,0,2020-08-08
Upper West,88,85,96.6,0,2020-08-08
Volta,625,599,95.8,19,2020-08-08
Western,2818,"2,717",96.4,99,2020-08-08
Western North,568,529,93.1,39,2020-08-08
Ahafo,428,341,79.7,87,2020-08-07
Ashanti,10328,9673,93.7,569,2020-08-07
Bono,439,436,99.3,3,2020-08-07
Bono East,684,647,94.6,34,2020-08-07
Central,1721,1497,87.0,214,2020-08-07
Eastern,1933,1708,88.4,215,2020-08-07
Greater Accra,20585,19552,95.0,950,2020-08-07
North East,9,8,88.9,0,2020-08-07
Northern,454,415,91.4,34,2020-08-07
Oti,204,191,93.6,12,2020-08-07
Savannah,62,61,98.4,0,2020-08-07
Upper East,282,279,98.9,0,2020-08-07
Upper West,88,85,96.6,0,2020-08-07
Volta,623,589,94.5,27,2020-08-07
Western,2804,2716,96.9,86,2020-08-07
Western North,568,529,93.1,39,2020-08-07
Ahafo,428,341,79.7,87,2020-08-06
Ashanti,10251,9597,93.6,568,2020-08-06
Bono,439,436,99.3,3,2020-08-06
Bono East,660,620,93.9,37,2020-08-06
Central,1721,1497,87.0,214,2020-08-06
Eastern,1923,1692,88.0,221,2020-08-06
Greater Accra ,20491,19321,94.3,1087,2020-08-06
North East,9,8,88.9,0,2020-08-06
Northern,454,415,91.4,34,2020-08-06
Oti,204,191,93.6,12,2020-08-06
Savannah,62,61,98.4,0,2020-08-06
Upper East,282,279,98.9,0,2020-08-06
Upper West,88,85,96.6,0,2020-08-06
Volta,622,587,94.4,28,2020-08-06
Western,2801,2671,95.4,128,2020-08-06
Western North,568,529,93.1,39,2020-08-06
Ahafo,364,313,86.0,51,2020-08-05
Ashanti,10097,9336,92.5,677,2020-08-05
Bono,439,436,99.3,3,2020-08-05
Bono East,636,585,92.0,48,2020-08-05
Central,1669,1497,89.7,162,2020-08-05
Eastern,1846,1661,90.0,177,2020-08-05
Greater Accra,20413,19090,93.5,1242,2020-08-05
North East,9,8,88.9,0,2020-08-05
Northern,454,415,91.4,34,2020-08-05
Oti,204,182,89.2,21,2020-08-05
Savannah,62,61,98.4,1,2020-08-05
Uppa East,282,279,98.9,0,2020-08-05
Upper West,88,85,96.6,0,2020-08-05
Volta,617,587,95.1,25,2020-08-05
Western,2796,2650,94.8,144,2020-08-05
Western North,557,517,92.8,40,2020-08-05
Ahafo,364,311,85.4,53,2020-08-04
Ashanti,9972,"9,232",92.6,656,2020-08-04
Bono,439,436,99.3,3,2020-08-04
Bono East,569,537,94.4,29,2020-08-04
Central,1669,1497,89.7,162,2020-08-04
Eastern,1809,1559,86.2,242,2020-08-04
Greater Accra,20300,18415,90.7,1804,2020-08-04
North East,9,8,88.9,0,2020-08-04
Northern,424,358,84.4,61,2020-08-04
Oti,204,168,82.4,35,2020-08-04
Savannah,62,61,98.4,1,2020-08-04
Upper East,282,279,98.9,0,2020-08-04
Upper West,88,85,96.6,0,2020-08-04
Volta,614,557,90.7,52,2020-08-04
Western,2766,2644,95.6,120,2020-08-04
Western North,526,491,93.3,35,2020-08-04
Ahafo,364,311,85.4,53,2020-08-03
Ashanti,9747,9017,92.5,648,2020-08-03
Bono,439,436,99.3,3,2020-08-03
Bono East,536,520,97.0,13,2020-08-03
Central,1622,1497,92.3,115,2020-08-03
Eastern,1766,1543,87.4,217,2020-08-03
Greater Accra,20199,18415,91.2,1706,2020-08-03
North East,9,8,88.9,0,2020-08-03
Northern,424,358,84.4,61,2020-08-03
Oti,203,168,82.8,34,2020-08-03
Savannah,62,61,98.4,1,2020-08-03
Upper East,282,279,98.9,0,2020-08-03
Upper West,88,85,96.6,0,2020-08-03
Volta,614,557,90.7,52,2020-08-03
Western,2761,2638,95.5,121,2020-08-03
Western North,526,491,93.3,35,2020-08-03

Ahafo,364,175,48.1,189,2020-08-02
Ashanti,95 SS,881,92.6,625,2020-08-02
Bono,439,431,98.2,S,2020-08-02
Bono East,536,518,96.6,15,2020-08-02
Central,1620,"1,321",81.5,289,2020-08-02
Eastern,1579,1526,96.6,47,2020-08-02
Greater Accra,200S0,18114,90.2,1888,2020-08-02
North East,9,8,88.9,0,2020-08-02
Northern,354,347,98.0,2,2020-08-02
On,200,168,84.0,31,2020-08-02
Savannah,62,61,98.4,1,2020-08-02
Upper East,282,279,98.9,0,2020-08-02
Upper West,88,85,96.6,0,2020-08-02
Volta,610,557,91.3,48,2020-08-02
Western,2738,"2,601",95.0,135,2020-08-02
Western North,526,491,93.3,35,2020-08-02
Ahafo,232,175,75.4,57,2020-08-01
Ashanti,9523,8657,90.9,786,2020-08-01
Bono,439,430,97.9,9,2020-08-01
Bono East,528,504,95.5,21,2020-08-01
Central,1602,1308,81.6,284,2020-08-01
Eastern,1532,1494,97.5,32,2020-08-01
Greater Accra,19782,17690,89.4,2014,2020-08-01
North East,9,8,88.9,0,2020-08-01
Northern,354,347,98.0,2,2020-08-01
Oti,200,164,82.0,35,2020-08-01
Savannah,62,61,98.4,1,2020-08-01
Upper East,282,279,98.9,0,2020-08-01
Upper West,88,85,96.6,2,2020-08-01
Volta,610,530,86.9,79,2020-08-01
Western,2738,2601,95.0,135,2020-08-01
Western North,520,449,86.3,71,2020-08-01

Ahafo,232,175,75.4,57,2020-07-31
Ashanti,9454,8599,91.0,775,2020-07-31
Bono,439,430,97.9,9,2020-07-31
Bono East,511,486,95.1,22,2020-07-31
Central,1553,1308,84.2,235,2020-07-31
Eastern,1483,1470,99 1,7,2020-07-31
Greater Accra,19320,17357,89.8,1885,2020-07-31
North East,9,8,88.9,0,2020-07-31
Northern,354,347,98.0,2,2020-07-31
Oti,199,164,82.4,34,2020-07-31
Savannah,62,61,98.4,1,2020-07-31
Upper East,282,279,989,0,2020-07-31
Upper West,88,79,89.8,8,2020-07-31
Volta,609,530,87.0,78,2020-07-31
Western,2697,2371,95.3,124,2020-07-31
Western North,520,449,86.3,71,2020-07-31
Ahafo,232,140,60.3,92,2020-07-30
Ashanti,9328,8399,90.0,852,2020-07-30
Bono,439,429,97.7,10,2020-07-30
Bono East,511,480,93.9,28,2020-07-30
Central,1493,1308,87.6,175,2020-07-30
Eastern,1457,1406,96.5,45,2020-07-30
Greater Accra,18882,16832,89.1,1978,2020-07-30
North East,9,8,88.9,0,2020-07-30
Northern,354,344,97.2,5,2020-07-30
Oti,192,156,81.3,35,2020-07-30
Savannah,62,61,98.4,1,2020-07-30
Upper East,282,279,98.9,0,2020-07-30
Upper West,88,79,89.8,8,2020-07-30
Volta,605,511,84.5,93,2020-07-30
Western,2687,"2,544",94.7,141,2020-07-30
Western North,393,389,99.0,4,2020-07-30
Ahafo,164,106,646,58,2020-07-29
Ashanti,9060,8259,91.2,724,2020-07-29
Bono,439,439,100.0,0,2020-07-29
Bono East,499,461,92.4,35,2020-07-29
Central,1493,1227,82.2,256,2020-07-29
Eastern,1446,1365,94.4,75,2020-07-29
Greater Accra,18490,16624,89.9,1794,2020-07-29
North East,9,8,88.9,0,2020-07-29
Northen,354,342,966,7,2020-07-29
Oti,192,156,81.3,35,2020-07-29
Savannah,62,61,98.4,1,2020-07-29
Upper East,282,279,989,0,2020-07-29
Upper West,88,74,84.1,13,2020-07-29
Volta,599,511,85.3,87,2020-07-29
Western,2657,"2,524",95.0,131,2020-07-29
Western North,393,389,99.0,4,2020-07-29
Ahafo,164,70,42.7,94,2020-07-28
Ashanti,8770,8.175,93.2,518,2020-07-28
Bono,439,421,95.9,18,2020-07-28
Bono East,483,387,80.1,93,2020-07-28
Central,1430,1.227,85.8,193,2020-07-28
Eastern,1416,1.361,96.1,49,2020-07-28
Greater Accra,18.273,16301,89.2,1900,2020-07-28
North East,9,8,88.9,0,2020-07-28
Northern,354,342,96.6,7,2020-07-28
Oti,192,139,72.4,52,2020-07-28
Savannah,62,61,98.4,1,2020-07-28
Upper East,282,279,98.9,0,2020-07-28
Upper West,88,74,84.1,13,2020-07-28
Volta,593,476,80.3,116,2020-07-28
Western,2583,2417,93.6,164,2020-07-28
Western North,363,358,98.6,5,2020-07-28
Ahafo,145,54,37.2,91,2020-07-27
Ashanti,8748,8027,91.8,649,2020-07-27
Bono,431,421,97.7,10,2020-07-27
Bono East,483,387,80.1,93,2020-07-27
Central,1366,1227,89.8,129,2020-07-27
Eastern,1304,1272,97.5,26,2020-07-27
Greater Accra,18205,15867,87.2,2268,2020-07-27
North East,9,8,88.9,0,2020-07-27
Northern,309,295,95.5,9,2020-07-27
Oti,192,139,72.4,52,2020-07-27
Savannah,57,56,98.2,1,2020-07-27
Upper East,282,279,98.9,0,2020-07-27
Upper West,79,74,93.7,4,2020-07-27
Volta,593,476,80.3,116,2020-07-27
Western,2576,2346,91.1,228,2020-07-27
Western North,363,358,98.6,5,2020-07-27
Ahafo,121,54,44.6,67,2020-07-26
Ashanti,8548,8001,93.6,480,2020-07-26
Bono,431,418,97.0,13,2020-07-26
Bono East,457,387,84.7,67,2020-07-26
Central,1362,1261,92.6,91,2020-07-26
Eastern,1244,1189,95.6,49,2020-07-26
Greater Accra,17811,15284,85.8,2459,2020-07-26
Northern,309,295,95.5,9,2020-07-26
North East,9,8,88.9,0,2020-07-26
Oti,175,136,77.7,38,2020-07-26
Savannah,57,56,98.2,1,2020-07-26
Upper East,282,279,98.9,0,2020-07-26
Upper West,79,73,92.4,5,2020-07-26
Volta,588,476,81.0,111,2020-07-26
Western,2570,2346,91.3,222,2020-07-26
Western North,363,358,98.6,5,2020-07-26
Ahafo,121,53,43.8,68,2020-07-25
Ashanti,8229,7224,87.8,938,2020-07-25
Bono,426,418,98.1,8,2020-07-25
Bono East,436,379,86.9,54,2020-07-25
Central,1362,1261,92.6,91,2020-07-25
Eastern,1244,1159,93.2,79,2020-07-25
Greater Accra,17383,15284,87.9,2031,2020-07-25
Northern,308,295,95.8,8,2020-07-25
North East,9,8,88.9,0,2020-07-25
Oti,174,132,75.9,41,2020-07-25
Savannah,57,56,98.2,1,2020-07-25
Upper East,282,279,98.9,0,2020-07-25
Upper West,79,73,92.4,5,2020-07-25
Volta,588,476,81.0,111,2020-07-25
Western,2563,2346,91.5,215,2020-07-25
Western North,363,358,98.6,5,2020-07-25
Ahafo,121,53,43.8,68,2020-07-23
Ashanti,7866,7068,89.9,736,2020-07-23
Bono,426,418,98.1,8,2020-07-23
Bono East,434,375,86.4,56,2020-07-23
Central,1349,1157,85.8,182,2020-07-23
Eastern,1214,1153,95.0,55,2020-07-23
Greater Accra,16716,14848,88.8,1802,2020-07-23
Northern,302,295,97.7,2,2020-07-23
North East,9,7,77.8,1,2020-07-23
Oti,172,129,75.0,42,2020-07-23
Savannah,57,56,982,1,2020-07-23
Upper East,282,279,98 9,0,2020-07-23
Upper West,75,73,97.3,1,2020-07-23
Volta,577,437,75.7,139,2020-07-23
Western,2539,2286,90.0,251,2020-07-23
Western North,298,293,983,5,2020-07-23
Ahafo,116,53,45.7,63,2020-07-22
Ashanti,7646,6961,91.0,623,2020-07-22
Bono,430,418,97.2,12,2020-07-22
Bono East,426,365,85.7,58,2020-07-22
Central,1333,1157,86.8,166,2020-07-22
Eastern,1214,1132,93.2,76,2020-07-22
Greater Accra,16426,14587,88.8,1773,2020-07-22
Neath era,302,265,87.7,32,2020-07-22
North East,9,7,77.8,1,2020-07-22
Oti,172,129,75.0,42,2020-07-22
Savannah,57,56,98.2,1,2020-07-22
Upper East,282,279,98.9,0,2020-07-22
Upper West,75,73,97.3,1,2020-07-22
Volta,573,409,71.4,163,2020-07-22
Western,2492,2254,90.4,236,2020-07-22
Western North,298,293,98.3,5,2020-07-22
Ahafo,116,53,45.7,63,2020-07-21
Ashanti,7267,6737,92.7,468,2020-07-21
Bono,421,417,99.0,4,2020-07-21
Bono East,413,357,86.4,53,2020-07-21
Central,1328,1141,85.9,177,2020-07-21
Easton,1214,1095,90.2,113,2020-07-21
Greater Accra,16068,14280,889,1722,2020-07-21
Nathern,302,265,87.7,32,2020-07-21
North East,9,7,77.8,1,2020-07-21
Oti,172,126,73.3,45,2020-07-21
Savannah,57,56,98.2,1,2020-07-21
Upper East,282,279,98.9,0,2020-07-21
Upper West,75,73,97.3,1,2020-07-21
Volta,568,406,71.5,161,2020-07-21
Western,2467,2216,89.8,249,2020-07-21
Western North,298,293,98.3,5,2020-07-21
Ahafo,116,52,44.8,64,2020-07-20
Ashanti,7026,6111,87.0,856,2020-07-20
Bono,421,361,85.7,60,2020-07-20
Bono East,413,334,80.9,76,2020-07-20
Central,1269,1141,89.9,118,2020-07-20
Eastern,1164,997,85.7,163,2020-07-20
Greater Accra,15863,14020,88.4,1780,2020-07-20
Northern,302,240,79.5,57,2020-07-20
North East,9,7,77.8,1,2020-07-20
Oti,172,116,67.4,55,2020-07-20
Savannah,57,56,98.2,1,2020-07-20
Upper East,282,279,98.9,0,2020-07-20
Upper West,75,73,97.3,1,2020-07-20
Volta,538,394,73.2,143,2020-07-20
Western,2361,2213,93.7,146,2020-07-20
Western North,298,293,98.3,5,2020-07-20
Ahafo,116,52,44.8,64,2020-07-19
Ashanti,6637,5911,89.1,667,2020-07-19
Bono,421,347,82.4,74,2020-07-19
Bono East,383,308,80.4,72,2020-07-19
Central,1236,1141,92.3,85,2020-07-19
Easton,1120,997,89.0,119,2020-07-19
Greater Accra,15706,13699,87.2,1944,2020-07-19
Northern,302,240,79.5,57,2020-07-19
Noth East,9,7,77.8,1,2020-07-19
Oti,154,111,72.1,42,2020-07-19
Savannah,57,56,98.2,1,2020-07-19
Upper East,282,279,98.9,0,2020-07-19
Upper West,75,73,97.3,1,2020-07-19
Volta,538,389,72.3,148,2020-07-19
Western,2350,2204,93.8,144,2020-07-19
Western North,286,276,96.5,10,2020-07-19
Ahafo,116,44,37.9,72,2020-07-18
Ashanti,6264,"5,636",90.0,569,2020-07-18
Bono,421,298,70.8,123,2020-07-18
Bono East,383,304,79.4,76,2020-07-18
Central,1236,1141,92.3,85,2020-07-18
Eastern,1091,987,90.5,100,2020-07-18
Greater Accra,15519,13297,85.7,2159,2020-07-18
Northern,271,240,88.6,26,2020-07-18
North East,9,7,77.8,1,2020-07-18
Oti,150,111,74.0,38,2020-07-18
Savannah,57,56,98.2,1,2020-07-18
Upper East,282,279,98.9,0,2020-07-18
Upper West,75,73,97.3,1,2020-07-18
Volta,522,389,74.5,132,2020-07-18
Western,2310,2193,94.9,115,2020-07-18
Western North,283,276,97.5,7,2020-07-18
Ahafo,116,44,37.9,72,2020-07-17
Ashanti,6151,5590,90.9,502,2020-07-17
Bono,421,252,59.9,169,2020-07-17
Bono East,294,291,99.0,0,2020-07-17
Central,1155,1141,98.8,4,2020-07-17
Eastern,1087,964,88.7,119,2020-07-17
Greater Accra,15328,13090,85.4,2175,2020-07-17
Northern,271,231,85.2,35,2020-07-17
North East,9,7,77.8,1,2020-07-17
Oti,147,109,74.1,37,2020-07-17
Savannah,57,56,98.2,1,2020-07-17
Upper East,282,279,98.9,0,2020-07-17
Upper West,75,73,97.3,1,2020-07-17
Volta,511,375,73.4,135,2020-07-17
Western,2310,2183,94.5,125,2020-07-17
Western North,216,216,100.0,0,2020-07-17
Ahafo,103,28,27.2,75,2020-07-16
Ashanti,5841,5056,86.6,727,2020-07-16
Bono,266,189,71.1,77,2020-07-16
Bono East,294,281,95.6,10,2020-07-16
Central,1140,866,76.0,264,2020-07-16
Eastern,1077,915,85.0,160,2020-07-16
Greater Accra,15136,12416,82.0,2659,2020-07-16
Northern,271,231,85.2,35,2020-07-16
North East,9,7,77.8,1,2020-07-16
Oti,146,109,74.7,36,2020-07-16
Savannah,57,56,98.2,1,2020-07-16
Upper East,282,279,98.9,0,2020-07-16
Upper West,74,73,986,0,2020-07-16
Volta,502,375,74.7,126,2020-07-16
Western,2253,2183,96.9,68,2020-07-16
Western North,216,185,85.6,31,2020-07-16
Ahafo,103,27,26.2,76,2020-07-15
Ashanti,5642,5056,89.6,528,2020-07-15
Bono,166,102,61.4,64,2020-07-15
Bono East,294,243,82.7,51,2020-07-15
Central,1140,866,76.0,264,2020-07-15
Eastern,1030,915,88.8,113,2020-07-15
Greater Accra,14923,12360,82.8,2502,2020-07-15
Norther,271,231,85.2,35,2020-07-15
North East,9,7,77.8,1,2020-07-15
Oti,143,102,71.3,40,2020-07-15
Savannah,57,51,89.5,6,2020-07-15
Upper East,282,279,98.9,0,2020-07-15
Upper West,74,70,94.6,3,2020-07-15
Volta,492,367,74.6,124,2020-07-15
Western,2218,2183,98.4,33,2020-07-15
Western North,216,185,85.6,31,2020-07-15
Ahafo,103,27,26.2,76,2020-07-14
Ashanti,5607,4994,89.1,555,2020-07-14
Bono,107,102,95.3,5,2020-07-14
Bono East,206,198,96.1,8,2020-07-14
Central,1140,866,76.0,264,2020-07-14
Eastern,1012,902,89.1,108,2020-07-14
Greater Accra,14674,12360,84.2,2253,2020-07-14
Northern,271,231,85.2,35,2020-07-14
North East,9,7,77.8,1,2020-07-14
Oti,139,102,73.4,36,2020-07-14
Savannah,57,51,89.5,6,2020-07-14
Upper East,282,279,98.9,0,2020-07-14
Upper West,71,70,98.6,0,2020-07-14
Volta,460,363,78.9,96,2020-07-14
Western,2218,2178,98.2,38,2020-07-14
Western North,216,185,85.6,31,2020-07-14
Ahafo,103,23,22.3,80,2020-07-13
Ashanti,5482,4959,90.5,474,2020-07-13
Bono,107,102,95.3,5,2020-07-13
Bono East,206,198,96.1,8,2020-07-13
Central,1131,866,76.6,255,2020-07-13
Eastern,998,893,89.5,101,2020-07-13
Greater Accra,14391,11870,82.5,2460,2020-07-13
Northern,271,170,62.7,94,2020-07-13
North East,9,7,77.8,1,2020-07-13
Oti,138,102,73.9,35,2020-07-13
Savannah,57,51,89.5,6,2020-07-13
Upper East,282,279,98.9,0,2020-07-13
Upper West,71,70,98.6,0,2020-07-13
Volta,457,357,78.1,99,2020-07-13
Western,2206,2170,98.4,34,2020-07-13
Western North,216,153,70.8,63,2020-07-13
Ahafo,103,23,22.3,80,2020-07-12
Ashanti,5277,4872,92.3,356,2020-07-12
Bono,107,98,91.6,9,2020-07-12
Bono East,206,198,96.1,8,2020-07-12
Central,1131,866,76.6,255,2020-07-12
Eastern,962,851,88.5,107,2020-07-12
Greater Accra,13986,11327,81.0,2598,2020-07-12
Northern,271,170,62.7,94,2020-07-12
North East,9,7,77.8,1,2020-07-12
Oti,138,102,73.9,35,2020-07-12
Savannah,57,50,489.5,7,2020-07-12
Upper East,282,279,24.8,0,2020-07-12
Upper West,70,70,100.0,0,2020-07-12
Volta,441,357,81.0,83,2020-07-12
Western,2190,2088,95.3,100,2020-07-12
Western North,200,153,76.5,47,2020-07-12
Ahafo,98,14,14.3,84,2020-07-11
Ashanti,5277,4819,91.3,409,2020-07-11
Bono,107,96,89.7,11,2020-07-11
Bono East,205,198,96.6,7,2020-07-11
Central,1110,866,78.0,234,2020-07-11
Eastern,960,830,86.5,126,2020-07-11
Greater Accra,13869,11327,81.7,2481,2020-07-11
Northern,267,170,63.7,90,2020-07-11
North East,9,7,77.8,1,2020-07-11
Oti,133,102,76.7,30,2020-07-11
Savannah,57,48,489.5,9,2020-07-11
Upper East,282,279,24.8,0,2020-07-11
Upper West,70,70,100.0,0,2020-07-11
Volta,419,350,83.5,68,2020-07-11
Western,2189,2068,94.5,119,2020-07-11
Western North,200,153,76.5,47,2020-07-11
Ahafo,98,11,11.2,87,2020-07-10
Ashanti,5259,4786,91.0,424,2020-07-10
Bono,107,96,89.7,11,2020-07-10
Bono East,205,198,96.6,7,2020-07-10
Central,1110,866,78.0,234,2020-07-10
Eastern,948,830,87.6,114,2020-07-10
Greater Accra,13690,11093,81.0,2536,2020-07-10
Nothern,267,170,63.7,90,2020-07-10
North East,9,7,77.8,1,2020-07-10
Oti,128,102,79.7,25,2020-07-10
Savannah,57,48,84.2,9,2020-07-10
Upper East,282,275,97.5,4,2020-07-10
Upper West,70,70,100.0,0,2020-07-10
Volta,418,350,83.7,67,2020-07-10
Western,2140,"2,025",94.6,113,2020-07-10
Western North,200,140,70.0,60,2020-07-10
Ahafo,98,11,11.2,87,2020-07-09
Ashanti,5254,4.489,85.4,716,2020-07-09
Bono,107,89,83.2,18,2020-07-09
Bono East,205,196,95.6,9,2020-07-09
Central,1110,835,75.2,265,2020-07-09
Eastern,931,820,88.1,107,2020-07-09
Greater Accra,13404,10.584,79.0,2759,2020-07-09
Northern,186,162,87.1,17,2020-07-09
North East,9,7,77.8,1,2020-07-09
Oti,120,102,85.0,17,2020-07-09
Savannah,51,48,94.1,3,2020-07-09
Upper East,282,275,97.5,4,2020-07-09
Upper West,70,70,100.0,0,2020-07-09
Volta,390,350,89.7,39,2020-07-09
Western,2128,2009,94.4,117,2020-07-09
Western North,173,140,80.9,33,2020-07-09
Ahafo,66,11,16.7,55,2020-07-08
Ashanti,5150,4.332,84.1,769,2020-07-08
Bono,107,79,73.8,28,2020-07-08
Bono East,201,161,80.1,40,2020-07-08
Central,1110,835,75.2,267,2020-07-08
Eastern,911,808,88.7,99,2020-07-08
Greater Accra,13.302,10.497,78.9,2744,2020-07-08
Northern,186,162,87.1,18,2020-07-08
North East,9,7,77.8,1,2020-07-08
Oti,115,102,88.7,12,2020-07-08
Savannah,51,48,94.1,3,2020-07-08
Upper East,282,275,97.5,5,2020-07-08
Upper West,70,70,100.0,0,2020-07-08
Volta,387,348,89.9,38,2020-07-08
Western,2128,1956,91.9,170,2020-07-08
Western North,173,140,80.9,33,2020-07-08
Ahafo,36,11,30.6,25,2020-07-07
Ashanti,5078,4138,81.5,891,2020-07-07
Bono,96,79,82.3,17,2020-07-07
Bono East,142,142,100.0,0,2020-07-07
Central,1076,835,77.6,233,2020-07-07
Eastern,911,796,87.4,111,2020-07-07
Greater Accra,13194,10228,77.5,2905,2020-07-07
Northern,186,162,87.1,17,2020-07-07
North East,9,7,77.8,1,2020-07-07
Oti,115,102,88.7,12,2020-07-07
Savannah,51,40,78.4,11,2020-07-07
Upper East,282,275,97.5,5,2020-07-07
Upper West,70,58,82.9,12,2020-07-07
Volta,378,344,91.0,33,2020-07-07
Western,2052,"1,913",932,138,2020-07-07
Western North,158,82,51.9,76,2020-07-07
Ahafo,36,11,30.6,25,2020-07-06
Ashanti,4972,4011,80.7,912,2020-07-06
Bono,96,34,35.4,62,2020-07-06
Bono East,142,142,100.0,0,2020-07-06
Central,1071,835,78.0,230,2020-07-06
Eastern,907,749,82.6,154,2020-07-06
Greater Accra,12948,9875,76.3,3012,2020-07-06
Northern,186,159,85.5,23,2020-07-06
North East,9,7,77.8,1,2020-07-06
Oti,114,102,89.5,12,2020-07-06
Savannah,50,39,78.0,11,2020-07-06
Upper East,278,275,98.9,1,2020-07-06
Upper West,70,58,82.9,12,2020-07-06
Volta,375,330,88.0,44,2020-07-06
Western,2051,1913,933,137,2020-07-06
Western North,158,82,51.9,76,2020-07-06
Ahafo,36,8,22.2,28,2020-07-05
Ashanti,4824,"3,641",75.5,1134,2020-07-05
Bono,96,34,35.4,62,2020-07-05
Bono East,142,141,99.3,1,2020-07-05
Central,1064,835,78.5,223,2020-07-05
Eastern,855,664,77.7,187,2020-07-05
Greater Accra,12560,9350,74.4,3149,2020-07-05
North an,163,120,73.6,39,2020-07-05
North East,9,7,77.8,1,2020-07-05
Oti,114,102,89.5,12,2020-07-05
Savannah,50,39,78.0,11,2020-07-05
Upper East,278,275,98.9,1,2020-07-05
Upper West,58,58,100.0,0,2020-07-05
Volta,370,325,87.8,44,2020-07-05
Western,2045,1883,92.1,161,2020-07-05
Western North,158,82,51.9,76,2020-07-05
Ahafo,26,8,30.8,18,2020-07-04
Ashanti,4627,3523,76.1,1055,2020-07-04
Bono,87,30,34.5,57,2020-07-04
Bono East,140,130,92.9,10,2020-07-04
Central,1017,768,75.5,243,2020-07-04
Eastern,853,634,74.3,215,2020-07-04
Greater Accra,12087,9279,76.8,2747,2020-07-04
Northern,163,120,73.6,39,2020-07-04
North East,8,2,25.0,5,2020-07-04
Oti,114,102,89.5,12,2020-07-04
Savannah,50,39,78.0,11,2020-07-04
Upper East,278,275,98.9,1,2020-07-04
Uppo West,58,55,94.8,3,2020-07-04
Volta,370,325,87.8,44,2020-07-04
Western,1932,1784,92.3,147,2020-07-04
Western North,158,82,51.9,76,2020-07-04
Ahafo,26,8,30.8,18,2020-07-03
Ashanti,4534,2643,58.3,1842,2020-07-03
Bono,38,30,78.9,8,2020-07-03
Bono East,139,121,87.1,18,2020-07-03
Central,992,768,77.4,220,2020-07-03
Eastern,835,624,74.7,207,2020-07-03
Greater Accra,11508,9212,80.0,2233,2020-07-03
Northern,137,120,87.6,13,2020-07-03
North East,8,2,25.0,5,2020-07-03
Oti,112,98,87.5,14,2020-07-03
Savannah,46,38,82.6,8,2020-07-03
Upper East,278,275,98.9,1,2020-07-03
Upper West,55,54,98.2,1,2020-07-03
Volta,369,325,88.1,43,2020-07-03
Western,1846,"1,670",90.5,175,2020-07-03
Western North,154,82,53.2,72,2020-07-03
Ahafo,26,7,26.9,19,2020-07-02
Ashanti,4244,2504,59.0,1691,2020-07-02
Bono,38,15,39.5,23,2020-07-02
Bono East,136,51,37.5,85,2020-07-02
Central,983,768,78.1,211,2020-07-02
Eastern,798,540,67.7,254,2020-07-02
Greater Accra,10979,8422,76.7,2501,2020-07-02
Northern,137,120,87.6,13,2020-07-02
North East,8,2,25.0,5,2020-07-02
Oti,112,98,87.5,14,2020-07-02
Savannah,46,38,82.6,8,2020-07-02
Upper East,278,275,98.9,1,2020-07-02
Upper West,55,54,98.2,1,2020-07-02
Volta,362,325,89.8,36,2020-07-02
Western,1729,1569,90.7,159,2020-07-02
Western North,154,82,53.2,72,2020-07-02
Ahafo,26,7,26.9,19,2020-07-01
Ashanti,4099,2370,57.8,1685,2020-07-01
Bono,18,15,83.3,3,2020-07-01
Bono East,136,46,33.8,90,2020-07-01
Central,983,768,78.1,211,2020-07-01
Eastern,716,518,72.3,194,2020-07-01
Greater Accra,10637,8192,77.0,2389,2020-07-01
Northern,137,74,54.0,59,2020-07-01
Nonh East,6,2,33.3,3,2020-07-01
Oti,112,98,87.5,14,2020-07-01
Savannah,42,38,90.5,4,2020-07-01
Upper East,274,271,98.9,1,2020-07-01
Upper West,55,54,98.2,1,2020-07-01
Volta,358,322,89.9,35,2020-07-01
Western,1662,"1,473",88.6,188,2020-07-01
Western North,127,82,64.6,45,2020-07-01
Ahafo,8,6,75,2,2020-06-29
Ashanti,3676,2.221,60.4,1408,2020-06-29
Bono,18,5,27.8,13,2020-06-29
Bono East,89,28,31.5,61,2020-06-29
Central,973,768,78.9,201,2020-06-29
Eastern,668,438,65.6,226,2020-06-29
Greater Accra,10.087,7728,76.6,2306,2020-06-29
Northern,137,63,46.0,70,2020-06-29
North East,6,2,33.3,3,2020-06-29
Oti,112,98,87.5,14,2020-06-29
Savannah,42,38,90.5,4,2020-06-29
Upper East,274,271,98.9,1,2020-06-29
Upper West,40,40,100,0,2020-06-29
Volta,346,312,90.2,33,2020-06-29
Western,1556,1450,93.2,105,2020-06-29
Western North,102,82,80.4,20,2020-06-29
Ahafo,8,6,75,2,2020-06-27
Ashanti,3475,2105,61.2,1328,2020-06-27
Bono,18,2,40,16,2020-06-27
Bono East,52,24,46.2,28,2020-06-27
Central,972,765,81.7,203,2020-06-27
Eastern,601,360,62,237,2020-06-27
Greater Accra,9641,7492,78.2,2096,2020-06-27
Northern,120,63,52.5,53,2020-06-27
North East,6,2,33.3,3,2020-06-27
Oti,110,96,86.4,14,2020-06-27
Savannah,39,37,94.9,2,2020-06-27
Upper East,274,271,87.2,1,2020-06-27
Upper West,40,35,100,5,2020-06-27
Volta,337,310,92,26,2020-06-27
Western,1556,1.358,94.5,197,2020-06-27
Western North,102,68,69.1,34,2020-06-27
Ahafo,8,6,75.0,2,2020-06-26
Ashanti,3398,2078,61.2,1278,2020-06-26
Bono,5,2,40.0,3,2020-06-26
Bono East,52,24,46.2,28,2020-06-26
Central,936,765,81.7,167,2020-06-26
Eastern,571,354,62.0,213,2020-06-26
Greater Accra,9326,7292,78.2,1981,2020-06-26
Northern,120,63,52.5,53,2020-06-26
North East,6,2,33.3,3,2020-06-26
Oti,110,95,864,15,2020-06-26
Savannah,39,37,94 9,2,2020-06-26
Upper Fast,274,239,87.2,33,2020-06-26
Upper West,35,35,100.0,0,2020-06-26
Volta,337,310,92.0,26,2020-06-26
Western,1431,1353,94.5,77,2020-06-26
Western North,94,65,69.1,29,2020-06-26
Ahafo,8,6,75.0,2,2020-06-25
Ashanti,3344,2043,61.1,1264,2020-06-25
Bono,5,2,40.0,2,2020-06-25
Bono East,50,24,48.0,31,2020-06-25
Central,903,765,84.8,114,2020-06-25
Eastern,541,311,57.5,218,2020-06-25
Greater Accra,9164,7043,76.9,2068,2020-06-25
Nathern,100,63,63.0,35,2020-06-25
Nath East,4,2,50.0,1,2020-06-25
Oti,110,94,85.5,31,2020-06-25
Savannah,38,37,97.4,1,2020-06-25
Upper East,271,133,49.1,136,2020-06-25
Upper West,35,35,100.0,0,2020-06-25
Volta,335,310,92.5,24,2020-06-25
Western,1429,"1,321",92.4,107,2020-06-25
Western North,94,68,72.3,28,2020-06-25
Ahafo,8,6,75.0,2,2020-06-24
Ashanti,3161,1996,63.1,1128,2020-06-24
Bono,4,2,50.0,2,2020-06-24
Bono East,47,16,34.0,31,2020-06-24
Central,799,743,93.0,52,2020-06-24
Eastern,486,295,60.7,189,2020-06-24
Greater Accra,9070,6811,75.1,2206,2020-06-24
Northern,100,63,63.0,35,2020-06-24
North East,4,2,50.0,1,2020-06-24
Oti,110,79,71.8,31,2020-06-24
Savannah,38,37,97.4,1,2020-06-24
Upper East,271,133,49.1,136,2020-06-24
Upper West,35,35,100.0,0,2020-06-24
Volta,331,284,85.8,46,2020-06-24
Western,1276,1187,93.0,88,2020-06-24
Western North,94,66,70.2,28,2020-06-24
Ahafo,8,1,12.5,'',2020-06-23
Ashanti,2957,1955,66.1,'',2020-06-23
Bono,4,2,50.0,'',2020-06-23
Bono East,47,16,34.0,'',2020-06-23
Central,798,743,93.1,'',2020-06-23
Eastern,452,272,60.2,'',2020-06-23
Greater Accra,8984,6697,74.5,'',2020-06-23
Northern,95,61,64.2,'',2020-06-23
North East,4,2,50.0,'',2020-06-23
Oti,108,34,31.5,'',2020-06-23
Savannah,38,37,97.4,'',2020-06-23
Upper East,271,40,14.8,'',2020-06-23
Upper West,35,35,100.0,'',2020-06-23
Volta,321,284,88.5,'',2020-06-23
Western,1257,1187,94.4,'',2020-06-23
Western North,94,65,69.1,'',2020-06-23
Ahafo,8,1,12.5,'',2020-06-22
Ashanti,2915,1918,65.8,'',2020-06-22
Bono,3,2,66.7,'',2020-06-22
Bono East,35,16,45.7,'',2020-06-22
Central,798,660,82.7,'',2020-06-22
Eastern,407,230,56.5,'',2020-06-22
Greater Accra,8691,6560,75.5,'',2020-06-22
Northern,77,61,79.2,'',2020-06-22
North East,4,2,50.0,'',2020-06-22
Oti,105,34,32.4,'',2020-06-22
Savannah,38,37,97.4,'',2020-06-22
Upper East,271,23,8.5,'',2020-06-22
Upper West,35,35,100.0,'',2020-06-22
Volta,321,284,88.5,'',2020-06-22
Western,1213,1150,94.8,'',2020-06-22
Western North,92,65,70.7,'',2020-06-22
Ahafo,8,0,0,'',2020-06-21
Ashanti,2867,1887,66,'',2020-06-21
Bono,3,1,33,'',2020-06-21
Bono East,33,16,48,'',2020-06-21
Certial,794,660,83,'',2020-06-21
Eastern,400,223,56,'',2020-06-21
Greater Accra,8407,6485,77,'',2020-06-21
Northern,61,61,100,'',2020-06-21
North East,3,2,67,'',2020-06-21
Oh,105,32,30,'',2020-06-21
Savamah,37,37,100,'',2020-06-21
Upper East,271,23,8,'',2020-06-21
Upper West,35,35,100,'',2020-06-21
Volta,314,281,89,'',2020-06-21
Western,1148,1099,96,'',2020-06-21
Western North,82,65,79,'',2020-06-21
Ahafo,8,0,0.0,'',2020-06-20
Ashanti,2812,1869,66.5,'',2020-06-20
Bono,3,1,33.3,'',2020-06-20
Bono East,33,13,39.4,'',2020-06-20
Central,794,660,83.1,'',2020-06-20
Eastern,373,215,57.6,'',2020-06-20
Greater Accra,8075,6181,76.5,'',2020-06-20
Northern,61,32,52.5,'',2020-06-20
North East,3,2,66.7,'',2020-06-20
Oti,105,31,29.5,'',2020-06-20
Savannah,37,37,100.0,'',2020-06-20
Upper East,271,23,8.5,'',2020-06-20
Upper West,35,32,91.4,'',2020-06-20
Volta,314,251,79.9,'',2020-06-20
Western,1148,1069,93.1,'',2020-06-20
Western North,82,57,69.5,'',2020-06-20
Ahafo,8,0,0.0,'',2020-06-19
Ashanti,2739,1.869,68.2,'',2020-06-19
Bono,3,1,33.3,'',2020-06-19
Bono East,33,13,39.4,'',2020-06-19
Central,794,660,83.1,'',2020-06-19
Eastern,362,215,59.4,'',2020-06-19
Greater Accra,8022,6181,77.1,'',2020-06-19
Northern,61,32,52.5,'',2020-06-19
North East,2,2,100.0,'',2020-06-19
Oti,105,31,29.5,'',2020-06-19
Savannah,37,37,100.0,'',2020-06-19
Upper East,271,23,8.5,'',2020-06-19
Upper West,32,32,100.0,'',2020-06-19
Volta,314,251,79.9,'',2020-06-19
Western,1142,1069,93.6,'',2020-06-19
Western North,82,57,69.5,'',2020-06-19
Ahafo,8,0,0,'',2020-06-18
Ashanti,2637,1760,66.7,'',2020-06-18
Bono,1,1,100,'',2020-06-18
Bono East,23,13,56.5,'',2020-06-18
Central,789,619,78.5,'',2020-06-18
Eastern,358,209,58.4,'',2020-06-18
Greater Accra,7860,6068,77.2,'',2020-06-18
Northern,61,32,52.5,'',2020-06-18
North East,2,1,50,'',2020-06-18
Oti,105,21,19.8,'',2020-06-18
Savannah,37,37,100,'',2020-06-18
Upper East,271,23,8.4,'',2020-06-18
Upper West,32,32,100,'',2020-06-18
Volta,309,251,81.2,'',2020-06-18
Western,1142,950,83.2,'',2020-06-18
Western North,82,57,69.5,'',2020-06-18
